"FBG_1","FBG_2","FBG_3","FBG_4","FB1_31","FB1_33","FB1_16","IGerM","FB7_19","FB7_20","FB7_21","FB7_22","FB7_23","FB7_24","FB7_25","FB7_26","FB7_27","FB7_38","FB7_39","FB2_36","FB2_37","Kommentar"
"LA56",2011,"H2",150,6,1,9,2,1,0,0,1,0,0,0,0,0,1,0.9,21.4,11.8,"Bohrer"
"LA56",2011,304,30375,5,1,9,2,1,0,0,1,0,0,0,0,0,1,6.9,43.1,21.6,"Bohrer"
"LA56",2011,308,30421,5,3,9,2,1,0,0,0,1,0,0,0,0,1,15.4,46.5,31.9,"Bohrer"
"LA56",2011,301,30424,6,3,9,2,1,0,0,1,0,0,0,0,0,1,3.6,25.4,18,"Bohrer"
"LA56",2011,"H2",40639,4,3,9,2,1,0,0,0,1,0,0,0,0,1,34.3,62,38.5,"Bohrer"
"LA56",2011,"H2",14,6,1,9,8,1,0,0,1,0,0,0,0,0,1,4.8,29.2,23,"Kratzer"
"LA56",2011,"H2",144,5,1,9,8,1,0,0,1,0,0,0,0,0,1,6.8,33.2,45.9,"Kratzer"
"LA56",2011,"H2",149,5,1,9,8,1,0,0,1,0,0,0,0,0,1,14.2,35.9,25.5,"Kratzer"
"LA56",2011,101,10151,5,1,9,8,1,0,0,1,0,0,0,0,0,1,7.3,24.8,30.8,"Kratzer"
"LA56",2011,105,10714,6,1,9,8,1,0,0,0,1,0,0,0,0,1,3.5,21.2,22.3,"Kratzer"
"LA56",2011,203,20707,6,1,9,8,1,0,0,1,0,0,0,0,0,1,3,22.4,15.1,"Kratzer"
"LA56",2011,202,20909,6,1,9,8,1,0,0,1,0,0,0,0,0,1,2.2,21.8,18.6,"Daumennagelkratzer"
"LA56",2011,202,21000,4,1,9,8,1,0,0,0,0,1,0,0,0,1,12.4,39.1,31.3,"Kratzer"
"LA56",2011,202,21007,7,1,9,8,1,0,0,1,0,0,0,0,0,1,1.3,15.2,11.8,"Kratzer"
"LA56",2011,"PlaPu",30283,5,1,9,8,1,0,0,0,0,1,0,0,0,1,11.7,30,27.2,"Kratzer"
"LA56",2011,302,30429,6,1,9,8,1,0,0,1,0,0,0,0,0,1,1.7,17,15.9,"Daumennagelkratzer aus SED 30276"
"LA56",2011,301,30501,5,1,9,8,1,0,0,0,0,1,0,0,0,1,5.3,37.1,19.5,"Kratzer"
"LA56",2011,"H3",40110,4,1,9,8,1,0,0,0,1,0,0,0,0,1,27.9,49.5,38.6,"Kratzer"
"LA56",2011,"H3",40349,4,1,9,8,1,0,0,1,0,0,0,0,0,1,36.9,52.2,51.7,"Kratzer"
"LA56",2011,401,40473,6,1,9,8,1,0,0,0,1,0,0,0,0,1,1.8,23.9,15.7,"Kratzer"
"LA56",2011,"PlaPu",40498,4,1,9,8,1,0,0,1,0,0,0,0,0,1,16.5,39.2,30.8,"Kratzer"
"LA56",2011,"H2",40649,5,1,9,8,1,0,0,1,0,0,0,0,0,1,5,30,19.3,"Kratzer"
"LA56",2011,404,40932,5,1,9,8,1,0,0,1,0,0,0,0,0,1,4.2,41.4,25.9,"Kratzerbruchstück"
"LA56",2011,405,40960,5,1,9,8,1,0,0,1,0,0,0,0,0,1,9.2,38.6,31.7,"Kratzer"
"LA56",2011,405,40960,5,1,9,8,1,0,0,0,1,0,0,0,0,1,10.2,36.8,29.9,"Kratzer"
"LA56",2011,407,41010,4,1,9,8,1,0,0,0,1,0,0,0,0,1,44.7,62.9,40.9,"Kratzer"
"LA56",2011,404,41063,4,1,9,8,1,0,0,0,0,1,0,0,0,1,49.6,61.3,51.5,"Kratzer"
"LA56",2011,407,41131,5,1,9,8,1,0,0,0,1,0,0,0,0,1,6.4,37.1,25.1,"Kratzer"
"LA56",2011,105,"10398_1",7,1,9,8,1,0,0,1,0,0,0,0,0,1,0.9,16.7,12.3,"Daumennagelkratzer"
"LA56",2011,105,"10398_2",7,1,9,8,1,0,0,1,0,0,0,0,0,1,0.7,14.3,13.1,"Daumennagelkratzer"
"LA56",2011,"H2","14_3",4,1,9,8,1,0,0,1,0,0,0,0,0,1,44.1,52.1,42.6,"Kratzer"
"LA56",2011,"ProPu N","21020_1",6,1,9,8,1,0,0,1,0,0,0,0,0,1,1.8,17.4,12.4,"Daumennagelkratzer"
"LA56",2011,"ProPu N","21020_2",6,1,9,8,1,0,0,1,0,0,0,0,0,1,3.4,20.9,19.5,"Daumennagelkratzer"
"LA56",2011,"PlaPu","30418_1",6,1,9,8,1,0,0,0,1,0,0,0,0,1,1.1,18.4,14.2,"Daumennagelkratzer"
"LA56",2011,"PlaPu","30418_2",6,1,9,8,1,0,0,1,0,0,0,0,0,1,1.9,19.1,16.6,"Daumennagelkratzer"
"LA56",2011,308,"30422_5",5,1,9,8,1,0,0,1,0,0,0,0,0,1,17.2,42.5,32.9,"Kratzer"
"LA56",2011,"H3","40152_1",4,1,9,8,1,0,0,0,1,0,0,0,0,1,20.7,32.7,51.2,"Kratzer"
"LA56",2011,"H3","40152_2",3,1,9,8,1,0,0,0,1,0,0,0,0,1,87,75,50.6,"Kratzer"
"LA56",2011,"H2","40435_1",2,1,9,8,1,0,0,1,0,0,0,0,0,1,79.1,111.3,41.1,"Kratzer"
"LA56",2011,"H2","40435_1",4,1,9,8,1,0,0,0,1,0,0,0,0,1,36.5,56.6,34,"Kratzer"
"LA56",2011,"H2","40435_2",6,1,9,8,1,0,0,1,0,0,0,0,0,1,2.9,25,15.2,"Kratzer"
"LA56",2011,"H2","40435_2",7,1,9,8,1,0,0,1,0,0,0,0,0,1,0.6,13.5,10.1,"Kratzer"
"LA56",2011,"H2","40435_3",7,1,9,8,1,0,0,1,0,0,0,0,0,1,0.7,16,13.7,"Kratzer"
"LA56",2011,"H2","40713_2",6,1,9,8,1,0,0,1,0,0,0,0,0,1,3.1,19,22.8,"Kratzer"
"LA56",2011,108,10813,4,2,9,8,1,0,0,1,0,0,0,0,0,1,9.5,54.2,23,"Klingenkratzer"
"LA56",2011,"H4",40623,4,2,9,8,1,0,0,0,1,0,0,0,0,1,15.1,53.2,22.1,"Klingenkratzer"
"LA56",2011,"H2","14_1",5,2,9,8,1,0,0,1,0,0,0,0,0,1,4.3,33.9,18.9,"Klingenkratzer"
"LA56",2011,103,10264,4,4,9999,19,1,0,0,0,0,0,0,1,0,1,193.4,66.8,56.4,"Klopfstein"
"LA56",2011,103,10404,4,2,9,22,1,0,0,1,0,0,0,0,0,1,5.6,42.9,18.4,"Klinge"
"LA56",2011,"ProPu NO",11129,4,2,9,22,1,0,0,1,0,0,0,0,0,1,8.8,59.4,23,"Klinge"
"LA56",2011,302,30120,4,2,9,22,1,0,0,1,0,0,0,0,0,1,12.2,56.8,23.5,"Klinge"
"LA56",2011,302,30502,6,2,9,22,1,0,0,1,0,0,0,0,0,1,1.1,20.8,14.9,"Klingenfragment"
"LA56",2011,"-",40042,5,2,9,22,1,0,0,1,0,0,0,0,0,1,3.3,35.9,16.2,"Klinge"
"LA56",2011,403,40572,7,2,9,22,1,0,0,1,0,0,0,0,0,1,0.4,12.5,8.1,"Klingenfragment"
"LA56",2011,406,40995,3,2,9,22,1,0,0,1,0,0,0,0,0,1,17.1,95.6,25.3,"Klinge mit Gebrauchsretusche am Distalende"
"LA56",2011,101,"10077_1",5,2,9,22,1,0,0,0,1,0,0,0,0,1,3.9,33.9,20.8,"Klingenfragment"
"LA56",2011,101,"10077_2",4,2,9,22,1,0,0,1,0,0,0,0,0,1,2.1,24.8,17.7,"Klingenfragment"
"LA56",2011,101,"10077_3",5,2,9,22,1,0,0,0,1,0,0,0,0,1,1.4,36.8,11.3,"Klingenfragment"
"LA56",2011,101,"10077_4",6,2,9,22,1,0,0,1,0,0,0,0,0,1,0.8,17.3,12.8,"Klingenfragment"
"LA56",2011,"H3","40333_1",4,2,9,22,1,0,0,0,1,0,0,0,0,1,4.3,50.2,17.2,"Klinge"
"LA56",2011,"H3","40333_2",5,2,9,22,1,0,0,1,0,0,0,0,0,1,2.1,35.3,15.8,"Klinge"
"LA56",2011,"H3","40333_3",5,2,9,22,1,0,0,1,0,0,0,0,0,1,1.9,42.8,11.6,"Klinge"
"LA56",2011,"H2","7_1",4,2,9,22,1,0,0,1,0,0,0,0,0,1,11.4,56.8,19.3,"Klingenfragment"
"LA56",2011,"H2","7_2",4,2,9,22,1,0,0,0,1,0,0,0,0,1,8.5,49.4,18.2,"Klingenfragment"
"LA56",2011,"H2","7_3",4,2,9,22,1,0,0,1,0,0,0,0,0,1,3.5,49,12.2,"Klingenfragment"
"LA56",2011,"H2","7_4",5,2,9,22,1,0,0,0,1,0,0,0,0,1,4.4,34.5,23.2,"Klingenfragment"
"LA56",2011,"H2","7_5",5,2,9,22,1,0,0,0,1,0,0,0,0,1,4.1,36.7,14.6,"Klingenfragment"
"LA56",2011,"H2","7_6",5,2,9,22,1,0,0,1,0,0,0,0,0,1,2,31.6,13.3,"Klingenfragment"
"LA56",2011,"H2","7_7",7,2,9,22,1,0,0,1,0,0,0,0,0,1,0.2,21.3,5.1,"Klingenfragment"
"LA56",2011,101,10089,3,3,"09HF",24,1,0,0,1,0,0,0,0,0,1,103.3,87.9,50.5,"retuschierter Trümmer"
"LA56",2011,102,10142,5,3,9,24,1,0,0,1,0,0,0,0,0,1,9.6,25.6,25.1,"retuschierter Trümmer"
"LA56",2011,"PlaPu",10514,4,3,9,24,1,0,0,0,1,0,0,0,0,1,23.5,45.7,28.3,"retuschierter Trümmer"
"LA56",2011,"ProPu NO",11049,4,3,9,24,1,0,0,1,0,0,0,0,0,1,50,58.3,46.7,"Trümmer mit Gebrauchsspur"
"LA56",2011,"PlaPu",20680,4,3,9,24,1,0,0,0,0,1,0,0,0,1,35.9,54.2,36.2,"retuschierter Trümmer"
"LA56",2011,"ProPuO",20972,5,3,9,24,1,0,0,1,0,0,0,0,0,1,6.1,39.5,18.5,"Trümmer mit Retusche"
"LA56",2011,"ProPu O",20974,5,3,9,24,1,0,0,1,0,0,0,0,0,1,8.1,35.2,33.2,"Trümmer mit Gebrauchsspur"
"LA56",2011,"PlaPu",30602,4,3,9,24,1,0,0,1,0,0,0,0,0,1,24.4,48.6,39,"retuschierter Trümmer"
"LA56",2011,404,40806,4,3,9,24,1,0,0,1,0,0,0,0,0,1,12.5,29.9,36.4,"Trümmer mit Gebrauchsspur"
"LA56",2011,"H2",40924,5,3,9,24,1,0,0,1,0,0,0,0,0,1,3.7,41.9,18.5,"Trümmer mit Gebrauchsspur"
"LA56",2011,404,40928,4,3,9,24,1,0,0,0,1,0,0,0,0,1,29.2,50.9,23.8,"retuschierter Trümmer"
"LA56",2011,405,40961,5,3,9,24,1,0,0,0,1,0,0,0,0,1,11.1,34.6,35.5,"Trümmer mit Gebrauchsspur"
"LA56",2011,407,41058,6,3,9,24,1,0,0,1,0,0,0,0,0,1,1.1,19.5,13,"Trümmer mit Gebrauchsspur"
"LA56",2011,101,"10089_1",5,3,9,24,1,0,0,1,0,0,0,0,0,1,4.7,31.1,20.8,"Trümmer mit Retusche"
"LA56",2011,101,"10089_3",4,3,"09da",24,1,0,0,1,0,0,0,0,0,1,20.4,47,37.7,"Trümmer mit Retusche"
"LA56",2011,"H2","11_1",6,3,9,24,1,0,0,1,0,0,0,0,0,1,2.9,27.8,20.9,"Trümmer mit Retusche"
"LA56",2011,"H2","11_1",7,3,9,24,1,0,0,1,0,0,0,0,0,1,0.4,11.7,11.2,"Trümmer mit Retusche"
"LA56",2011,"H2","11_2",5,3,9,24,1,0,0,1,0,0,0,0,0,1,3.3,34.3,18.7,"Trümmer mit Retusche"
"LA56",2011,"H2","11_2",6,3,9,24,1,0,0,1,0,0,0,0,0,1,1.9,24.6,20.5,"Trümmer mit Retusche"
"LA56",2011,"H2","11_3",7,3,9,24,1,0,0,1,0,0,0,0,0,1,0.9,16.5,10.3,"Trümmer mit Retusche"
"LA56",2011,"H2","11_4",5,3,9,24,1,0,0,1,0,0,0,0,0,1,8.2,32.9,18.8,"Trümmer mit Retusche"
"LA56",2011,"H2","11_5",5,3,9,24,1,0,0,0,1,0,0,0,0,1,9.3,34.9,30.5,"Trümmer mit Retusche"
"LA56",2011,"H2","11_6",5,3,9,24,1,0,0,1,0,0,0,0,0,1,4.9,23.1,32.7,"Trümmer mit Retusche"
"LA56",2011,"H2","11_7",4,3,9,24,1,0,0,1,0,0,0,0,0,1,7.1,51.5,18.5,"Trümmer mit Retusche"
"LA56",2011,"H2","14_2",4,3,9,24,1,0,0,0,0,1,0,0,0,1,28.2,43.6,38,"retuschierter Trümmer"
"LA56",2011,308,"30422_1",6,3,9,24,1,0,0,1,0,0,0,0,0,1,2.3,24.2,16.6,"retuschierter Trümmer"
"LA56",2011,308,"30422_2",7,3,9,24,1,0,0,1,0,0,0,0,0,1,1.2,18.6,15.4,"retuschierter Trümmer"
"LA56",2011,308,"30422_3",6,3,9,24,1,0,0,0,1,0,0,0,0,1,1.4,19.8,17.2,"retuschierter Trümmer"
"LA56",2011,308,"30422_4",5,3,9,24,1,0,0,1,0,0,0,0,0,1,13.7,30.2,23.2,"retuschierter Trümmer"
"LA56",2011,"H2","40713_1",7,3,9,24,1,0,0,1,0,0,0,0,0,1,0.5,14.9,10.5,"retuschierter Trümmer"
"LA56",2011,"H2",143,6,0,9,39,1,0,0,1,0,0,0,0,0,1,1.7,20,20,"Flintdolchspitze"
"LA56",2011,"104_proPu",10607,3,0,9,39,1,0,0,1,0,0,0,0,0,1,22,75,35.1,"Flintdolchspitze (passend zu 40130)"
"LA56",2011,"104/111",10991,3,0,9,39,1,0,0,1,0,0,0,0,0,1,31.2,116.5,26,"Flintdolch"
"LA56",2011,"ProPuNO",11043,5,0,9,39,1,0,0,1,0,0,0,0,0,1,7.3,32.7,20.3,"Flintdolchgriff"
"LA56",2011,"ProPuNO",11044,6,0,9,39,1,0,0,1,0,0,0,0,0,1,1.1,25.7,14.5,"Flintdolchspitze"
"LA56",2011,111,11099,4,0,9,39,1,0,0,1,0,0,0,0,0,1,18.2,67.7,30,"Flintdolchspitze aus SED"
"LA56",2011,"H3",40130,3,0,9,39,1,0,0,1,0,0,0,0,0,1,32.5,82.1,34.9,"Flintdolchgriff (passend zu 10607)"
"LA56",2011,"H2",2,1,1,9,21,77,0,0,42,25,10,0,0,0,77,507,,,"Abschlag"
"LA56",2011,201,20236,4,1,9,21,1,0,0,1,0,0,0,0,0,,8.9,42.6,29.63,"Abschlag retuschiert (beidseitig lateral)"
"LA56",2011,"H2",788,5,1,9,21,1,0,0,1,0,0,0,0,0,,6.2,31.85,38.49,"Abschlag mit Gebrauchsspur"
"LA56",2011,104,10727,4,1,9,21,1,0,0,,0,1,0,0,0,,20.7,48.54,28.7,"Abschlag mit Gebrauchsspur"
"LA56",2011,104,10789,4,1,9,21,1,0,0,1,0,0,0,0,0,,9.8,57.15,28.09,"Abschlag mit Gebrauchsspur"
"LA56",2011,104,10941,7,1,9,21,1,0,0,1,0,0,0,0,0,,0.8,17.21,13.54,"Abschlag mit Gebrauchsspur"
"LA56",2011,"ProPuNO",11130,3,1,9,21,1,0,0,,1,0,0,0,0,,38.2,73.13,30.7,"Abschlag mit Gebrauchsspur"
"LA56",2011,"SoPu1",20950,6,1,9,21,1,0,0,1,0,0,0,0,0,,3.4,27.98,16.26,"Abschlag mit Gebrauchsspur"
"LA56",2011,309,30802,5,1,9,21,1,0,0,1,0,0,0,0,0,,4,33.38,33.23,"Abschlag mit Gebrauchsspur"
"LA56",2011,"H3",40728,5,1,9,21,1,0,0,1,0,0,0,0,0,,4.8,44.68,25.48,"Abschlag mit Gebrauchsspur"
"LA56",2011,"H2","146_1",4,1,9,21,1,0,0,1,0,0,0,0,0,,9.3,42.88,28.12,"Abschlag mit Gebrauchsspur"
"LA56",2011,"H2","146_2",4,1,9,21,1,0,0,0,0,1,0,0,0,,17.9,43.15,47.37,"Abschlag mit Gebrauchsspur"
"LA56",2011,"H2","146_3",4,1,9,21,1,0,0,0,1,0,0,0,0,,15.3,25.95,33.58,"Abschlag mit Gebrauchsspur"
"LA56",2011,"H2","146_4",4,1,9,21,1,0,0,0,1,0,0,0,0,,23.2,48.01,43.06,"Abschlag mit Gebrauchsspur"
"LA56",2011,"H2","146_5",4,1,9,21,1,0,0,0,0,1,0,0,0,,20.9,44.33,27.93,"Abschlag mit Gebrauchsspur"
"LA56",2011,"H2","146_6",4,1,9,21,1,0,0,1,0,0,0,0,0,,29.2,63.47,32.44,"Abschlag mit Gebrauchsspur"
"LA56",2011,101,10147,2,1,9,21,1,0,0,0,0,1,0,0,0,,123.4,124.24,65.44,"Abschlag retuschiert"
"LA56",2011,404,40731,5,1,9,21,1,0,0,1,0,0,0,0,0,,4.2,40.22,19.76,"Abschlag retuschiert"
"LA56",2011,101,"10089_2",6,1,9,21,1,0,0,1,0,0,0,0,0,,0.5,21.34,11.59,"Abschlag retuschiert"
"LA56",2011,101,"10089_4",4,1,9,21,1,0,0,0,0,1,0,0,0,,16,24.54,42.57,"Abschlag retuschiert"
"LA56",2011,"H2","145_1",4,1,9,21,1,0,0,0,1,0,0,0,0,,21.2,35.63,30.33,"Abschlag retuschiert"
"LA56",2011,"H2","145_10",5,1,9,21,1,0,0,0,1,0,0,0,0,,4.6,41.1,21.05,"Abschlag retuschiert"
"LA56",2011,"H2","145_11",5,1,9,21,1,0,0,0,0,1,0,0,0,,6.5,36.98,27.87,"Abschlag retuschiert"
"LA56",2011,"H2","145_2",5,1,9,21,1,0,0,0,1,0,0,0,0,,7.3,26.62,35.83,"Abschlag retuschiert"
"LA56",2011,"H2","145_3",6,1,9,21,1,0,0,0,1,0,0,0,0,,0.7,19.03,13.21,"Abschlag retuschiert"
"LA56",2011,"H2","145_4",4,1,9,21,1,0,0,0,0,1,0,0,0,,21.1,50.22,48.03,"Abschlag retuschiert"
"LA56",2011,"H2","145_5",4,1,9,21,1,0,0,0,1,0,0,0,0,,25.6,58.41,56.68,"Abschlag retuschiert"
"LA56",2011,"H2","145_6",4,1,9,21,1,0,0,0,1,0,0,0,0,,23.5,53.68,35.86,"Abschlag retuschiert"
"LA56",2011,"H2","145_7",3,1,9,21,1,0,0,1,0,0,0,0,0,,25.1,82.3,38.46,"Abschlag retuschiert"
"LA56",2011,"H2","145_8",4,1,9,21,1,0,0,0,1,0,0,0,0,,23.7,32.96,38.55,"Abschlag retuschiert"
"LA56",2011,"H2","145_9",4,1,9,21,1,0,0,1,0,0,0,0,0,,15,44.12,29.96,"Abschlag retuschiert"
"LA56",2011,407,41051,7,1,9,21,1,0,0,0,1,0,0,0,0,,1.4,18.54,16.62,"Abschlag retuschiert"
"LA56",2011,304,30437,3,1,"09da",21,1,0,0,0,1,0,0,0,0,,54.1,65.73,49.66,"Abschlag retuschiert"
"LA56",2011,"H2",2,2,1,9,21,1,0,0,1,0,0,0,0,0,,102,,,"Abschlag"
"LA56",2011,"H2",2,2,1,9,21,2,0,0,1,0,0,1,0,0,2,186,,,"Abschlag"
"LA56",2011,"H2",2,2,1,9,21,2,0,0,0,1,1,0,0,0,2,330,,,"Abschlag"
"LA56",2011,"H2",2,3,1,9,21,2,0,0,1,1,0,0,0,0,2,100,,,"Abschlag"
"LA56",2011,"H2",2,3,1,9,21,13,0,0,2,9,2,0,0,0,13,575,,,"Abschlag"
"LA56",2011,"H2",2,3,1,9,21,22,0,0,7,9,6,0,0,0,22,1189,,,"Abschlag"
"LA56",2011,"H2",2,3,1,9,21,33,0,0,15,11,3,4,0,0,33,1476,,,"Abschlag"
"LA56",2011,"H2",2,3,1,9,21,35,0,0,12,16,7,0,0,0,35,1753,,,"Abschlag"
"LA56",2011,"H2",2,4,1,9,21,20,0,0,10,9,1,0,0,0,20,338,,,"Abschlag"
"LA56",2011,"H2",2,4,1,9,21,293,0,0,204,69,20,0,0,0,293,4800,,,"Abschlag"
"LA56",2011,"H2",2,4,1,9,21,377,0,0,205,112,40,20,0,0,377,7176,,,"Abschlag"
"LA56",2011,"H2",2,4,1,"09DA",21,2,0,0,1,1,0,0,0,0,2,42,,,"Abschlag"
"LA56",2011,"H2",2,5,1,9,21,181,0,0,128,35,9,9,0,0,181,1259,,,"Abschlag"
"LA56",2011,"H2",2,5,1,9,21,399,0,0,262,108,29,0,0,0,399,1276,,,"Abschlag"
"LA56",2011,"H2",2,5,1,9,21,668,0,0,455,171,27,15,0,0,668,4822,,,"Abschlag"
"LA56",2011,"H2",2,5,1,"09DA",21,1,0,0,0,1,0,0,0,0,1,9,,,"Abschlag"
"LA56",2011,"H2",2,6,1,9,21,259,0,0,213,40,6,0,0,0,259,541,,,"Abschlag"
"LA56",2011,"H2",2,6,1,9,21,504,0,0,399,67,19,19,0,0,504,1041,,,"Abschlag"
"LA56",2011,"H2",2,6,1,9,21,789,0,0,562,182,28,17,0,0,789,1491,,,"Abschlag"
"LA56",2011,"H2",2,7,1,9,21,398,0,0,325,73,0,0,0,0,398,282,,,"Abschlag"
"LA56",2011,"H2",2,7,1,9,21,626,0,0,542,46,32,6,0,0,626,503,,,"Abschlag"
"LA56",2011,"H3/4",21,4,1,9,21,2,0,0,1,1,0,0,0,0,2,31,,,"Abschlag"
"LA56",2011,"H3/4",21,5,1,9,21,4,0,0,4,0,0,0,0,0,4,48,,,"Abschlag"
"LA56",2011,"H3/4",21,6,1,9,21,8,0,0,5,3,0,0,0,0,8,17,,,"Abschlag"
"LA56",2011,"H3/4",21,7,1,9,21,14,0,0,11,3,0,0,0,0,14,5,,,"Abschlag"
"LA56",2011,"H3",48,5,1,9,21,42,0,0,25,12,2,3,0,0,42,210,,,"Abschlag"
"LA56",2011,"H3",48,6,1,9,21,54,0,0,32,11,6,5,0,0,54,96,,,"Abschlag"
"LA56",2011,"H3",48,7,1,9,21,33,0,0,30,2,1,0,0,0,33,22,,,"Abschlag"
"LA56",2011,,10018,4,1,9,21,2,0,0,2,0,0,0,0,0,2,34,,,"Abschlag"
"LA56",2011,,10018,5,1,9,21,4,0,0,3,1,0,0,0,0,4,25,,,"Abschlag"
"LA56",2011,,10018,6,1,9,21,1,0,0,1,0,0,0,0,0,1,2,,,"Abschlag"
"LA56",2011,,10030,3,1,9,21,4,0,0,4,0,0,0,0,0,4,134,,,"Abschlag"
"LA56",2011,,10030,4,1,9,21,33,0,0,22,8,3,0,0,0,33,668,,,"Abschlag"
"LA56",2011,,10030,5,1,9,21,68,0,0,44,14,2,8,0,0,68,43,,,"Abschlag"
"LA56",2011,,10030,6,1,9,21,90,0,0,59,23,0,8,0,0,90,173,,,"Abschlag"
"LA56",2011,,10030,7,1,9,21,47,0,0,37,5,3,2,0,0,47,32,,,"Abschlag"
"LA56",2011,102,10040,3,1,9,21,3,0,0,2,1,0,0,0,0,3,111,,,"Abschlag"
"LA56",2011,102,10040,4,1,9,21,10,0,0,8,2,0,0,0,0,10,222,,,"Abschlag"
"LA56",2011,102,10040,5,1,9,21,34,0,0,24,5,4,1,0,0,34,206,,,"Abschlag"
"LA56",2011,102,10040,6,1,9,21,60,0,0,42,8,6,4,0,0,60,121,,,"Abschlag"
"LA56",2011,102,10040,7,1,9,21,45,0,0,34,7,2,2,0,0,45,32,,,"Abschlag"
"LA56",2011,101,10044,3,1,9,21,31,0,0,15,7,9,0,0,0,31,1624,,,"Abschlag"
"LA56",2011,101,10044,4,1,9,21,155,0,0,109,33,13,0,0,0,155,4400,,,"Abschlag"
"LA56",2011,101,10044,5,1,9,21,244,0,0,204,34,5,0,1,0,244,1552,,,"Abschlag"
"LA56",2011,101,10044,6,1,9,21,247,0,0,226,19,2,0,0,0,247,436,,,"Abschlag"
"LA56",2011,101,10044,7,1,9,21,169,0,0,138,18,5,8,0,0,169,128,,,"Abschlag"
"LA56",2011,103,10097,3,1,9,21,1,0,0,1,0,0,0,0,0,1,98,,,"Abschlag"
"LA56",2011,103,10097,4,1,9,21,5,0,0,4,1,0,0,0,0,5,136,,,"Abschlag"
"LA56",2011,103,10097,5,1,9,21,12,0,0,10,0,0,2,0,0,12,90,,,"Abschlag"
"LA56",2011,103,10097,6,1,9,21,34,0,0,30,3,1,0,0,0,34,64,,,"Abschlag"
"LA56",2011,,10100,3,1,9,21,1,0,0,0,1,0,0,0,0,1,108,,,"Abschlag"
"LA56",2011,"ohne Bef.",10100,4,1,9,21,3,0,0,1,0,2,0,0,0,3,47,,,"Abschlag"
"LA56",2011,,10100,4,1,9,21,4,0,0,2,1,1,0,0,0,4,71,,,"Abschlag"
"LA56",2011,"ohne Bef.",10100,5,1,9,21,9,0,0,5,3,1,0,0,0,9,40,,,"Abschlag"
"LA56",2011,,10100,5,1,9,21,10,0,0,6,4,0,0,0,0,10,75,,,"Abschlag"
"LA56",2011,,10100,6,1,9,21,9,0,0,4,3,2,0,0,0,9,27,,,"Abschlag"
"LA56",2011,"ohne Bef.",10100,6,1,9,21,13,0,0,9,3,1,0,0,0,13,27,,,"Abschlag"
"LA56",2011,"ohne Bef.",10100,7,1,9,21,9,0,0,8,0,1,0,0,0,9,5,,,"Abschlag"
"LA56",2011,"-",10100,7,1,9,21,10,0,0,8,1,1,0,0,0,10,13,,,"Abschlag"
"LA56",2011,102,10116,3,1,9,21,2,0,0,2,0,0,0,0,0,2,56,,,"Abschlag"
"LA56",2011,102,10116,4,1,9,21,6,0,0,3,3,0,0,0,0,6,95,,,"Abschlag"
"LA56",2011,102,10116,5,1,9,21,14,0,0,10,3,0,1,0,0,14,74,,,"Abschlag"
"LA56",2011,102,10116,6,1,9,21,28,0,0,16,12,0,0,0,0,28,58,,,"Abschlag"
"LA56",2011,102,10116,7,1,9,21,22,0,0,19,3,0,0,0,0,22,13,,,"Abschlag"
"LA56",2011,"Grasnarbe",10138,3,1,9,21,2,0,0,0,2,0,0,0,0,2,77,,,"Abschlag"
"LA56",2011,102,10140,4,1,9,21,3,0,0,2,1,0,0,0,0,3,51,,,"Abschlag"
"LA56",2011,102,10140,5,1,9,21,7,0,0,4,3,0,0,0,0,7,33,,,"Abschlag"
"LA56",2011,102,10140,6,1,9,21,6,0,0,4,2,0,0,0,0,6,15,,,"Abschlag"
"LA56",2011,102,10140,7,1,9,21,2,0,0,2,0,0,0,0,0,2,2,,,"Abschlag"
"LA56",2011,103,10160,3,1,9,21,1,0,0,0,0,1,0,0,0,1,41,,,"Abschlag"
"LA56",2011,103,10160,4,1,9,21,5,0,0,1,4,0,0,0,0,5,86,,,"Abschlag"
"LA56",2011,"ProPu",10163,5,1,9,21,6,0,0,5,1,0,0,0,0,6,30,,,"Abschlag"
"LA56",2011,"ProPu",10163,6,1,9,21,25,0,0,20,3,2,0,0,0,25,54,,,"Abschlag"
"LA56",2011,"ProPu",10163,7,1,9,21,16,0,0,13,2,1,0,0,0,16,11,,,"Abschlag"
"LA56",2011,101,10166,4,1,9,21,1,0,0,0,0,1,0,0,0,1,19,,,"Abschlag"
"LA56",2011,101,10166,5,1,9,21,6,0,0,3,1,2,0,0,0,6,42,,,"Abschlag"
"LA56",2011,101,10166,6,1,9,21,2,0,0,0,1,1,0,0,0,2,3,,,"Abschlag"
"LA56",2011,101,10166,7,1,9,21,6,0,0,5,0,1,0,0,0,6,3,,,"Abschlag"
"LA56",2011,104,10179,6,1,9,21,3,0,0,2,1,0,0,0,0,3,9,,,"Abschlag"
"LA56",2011,104,10179,7,1,9,21,5,0,0,3,2,0,0,0,0,5,3,,,"Abschlag"
"LA56",2011,102,10182,4,1,9,21,2,0,0,2,0,0,0,0,0,2,12,,,"Abschlag"
"LA56",2011,102,10182,5,1,9,21,12,0,0,5,6,1,0,0,0,12,66,,,"Abschlag"
"LA56",2011,102,10182,6,1,9,21,11,0,0,8,1,2,0,0,0,11,12,,,"Abschlag"
"LA56",2011,102,10182,7,1,9,21,12,0,0,11,0,1,0,0,0,12,5,,,"Abschlag"
"LA56",2011,105,10185,4,1,9,21,9,0,0,8,1,0,0,0,0,9,210,,,"Abschlag"
"LA56",2011,105,10185,5,1,9,21,10,0,0,7,1,2,0,0,0,10,72,,,"Abschlag"
"LA56",2011,105,10185,6,1,9,21,11,0,0,9,2,0,0,0,0,11,20,,,"Abschlag"
"LA56",2011,105,10185,7,1,9,21,5,0,0,4,1,0,0,0,0,5,3,,,"Abschlag"
"LA56",2011,101,10190,4,1,9,21,5,0,0,3,1,1,0,0,0,5,119,,,"Abschlag"
"LA56",2011,101,10190,5,1,9,21,10,0,0,6,2,2,0,0,0,10,84,,,"Abschlag"
"LA56",2011,101,10190,6,1,9,21,14,0,0,6,5,3,0,0,0,14,21,,,"Abschlag"
"LA56",2011,101,10190,7,1,9,21,5,0,0,4,0,1,0,0,0,5,3,,,"Abschlag"
"LA56",2011,104,10202,4,1,9,21,2,0,0,1,1,0,0,0,0,2,22,,,"Abschlag"
"LA56",2011,104,10202,5,1,9,21,3,0,0,2,1,0,0,0,0,3,22,,,"Abschlag"
"LA56",2011,104,10202,6,1,9,21,5,0,0,3,1,1,0,0,0,5,11,,,"Abschlag"
"LA56",2011,104,10202,7,1,9,21,4,0,0,1,3,0,0,0,0,4,3,,,"Abschlag"
"LA56",2011,103,10214,5,1,9,21,2,0,0,1,1,0,0,0,0,2,16,,,"Abschlag"
"LA56",2011,103,10214,6,1,9,21,2,0,0,2,0,0,0,0,0,2,3,,,"Abschlag"
"LA56",2011,104,10220,4,1,9,21,3,0,0,3,0,0,0,0,0,3,34,,,"Abschlag"
"LA56",2011,104,10220,5,1,9,21,4,0,0,2,2,0,0,0,0,4,18,,,"Abschlag"
"LA56",2011,104,10220,6,1,9,21,5,0,0,5,0,0,0,0,0,5,11,,,"Abschlag"
"LA56",2011,104,10220,7,1,9,21,3,0,0,3,0,0,0,0,0,3,3,,,"Abschlag"
"LA56",2011,"Pla.Pu.",10243,4,1,9,21,1,0,0,1,0,0,0,0,0,1,11,,,"Abschlag"
"LA56",2011,"Pla.Pu.",10243,5,1,9,21,1,0,0,1,0,0,0,0,0,1,5,,,"Abschlag"
"LA56",2011,"Pla.Pu",10243,6,1,9,21,1,0,0,1,0,0,0,0,0,1,1,,,"Abschlag"
"LA56",2011,103,10268,3,1,9,21,2,0,0,1,1,0,0,0,0,2,63,,,"Abschlag"
"LA56",2011,103,10268,4,1,9,21,6,0,0,2,4,0,0,0,0,6,103,,,"Abschlag"
"LA56",2011,103,10268,5,1,9,21,6,0,0,3,3,0,0,0,0,6,65,,,"Abschlag"
"LA56",2011,103,10268,6,1,9,21,6,0,0,4,2,0,0,0,0,6,16,,,"Abschlag"
"LA56",2011,103,10268,7,1,9,21,5,0,0,4,1,0,0,0,0,5,65,,,"Abschlag"
"LA56",2011,102,10288,2,1,9,21,1,0,0,0,0,1,0,0,0,1,196,,,"Abschlag"
"LA56",2011,102,10288,3,1,9,21,1,0,0,0,1,0,0,0,0,1,67,,,"Abschlag"
"LA56",2011,102,10288,5,1,9,21,2,0,0,0,1,1,0,0,0,2,24,,,"Abschlag"
"LA56",2011,102,10288,7,1,9,21,3,0,0,3,0,0,0,0,0,3,2,,,"Abschlag"
"LA56",2011,106,10291,3,1,9,21,1,0,0,0,1,0,0,0,0,1,74,,,"Abschlag"
"LA56",2011,106,10291,6,1,9,21,4,0,0,4,0,0,0,0,0,4,5,,,"Abschlag"
"LA56",2011,106,10291,7,1,9,21,1,0,0,1,0,0,0,0,0,1,1,,,"Abschlag"
"LA56",2011,104,10317,3,1,9,21,6,0,0,4,2,0,0,0,0,6,268,,,"Abschlag"
"LA56",2011,104,10317,4,1,9,21,9,0,0,4,2,3,0,0,0,9,178,,,"Abschlag"
"LA56",2011,106,10317,5,1,9,21,100,0,0,68,26,6,0,0,0,100,589,,,"Abschlag"
"LA56",2011,104,10317,6,1,9,21,46,0,0,23,22,1,0,0,0,46,66,,,"Abschlag"
"LA56",2011,104,10317,7,1,9,21,33,0,0,20,11,2,0,0,0,33,15,,,"Abschlag"
"LA56",2011,105,10319,3,1,9,21,2,0,0,0,2,0,0,0,0,2,84,,,"Abschlag"
"LA56",2011,105,10319,4,1,9,21,11,0,0,8,1,2,0,0,0,11,219,,,"Abschlag"
"LA56",2011,105,10319,5,1,9,21,34,0,0,19,12,3,0,0,0,34,235,,,"Abschlag"
"LA56",2011,105,10319,6,1,9,21,30,0,0,27,2,1,0,0,0,30,45,,,"Abschlag"
"LA56",2011,105,10319,7,1,9,21,18,0,0,18,0,0,0,0,0,18,7,,,"Abschlag"
"LA56",2011,108,10368,4,1,9,21,2,0,0,2,0,0,0,0,0,2,56,,,"Abschlag"
"LA56",2011,108,10368,5,1,9,21,6,0,0,2,1,3,0,0,0,6,54,,,"Abschlag"
"LA56",2011,108,10368,6,1,9,21,4,0,0,3,1,0,0,0,0,4,11,,,"Abschlag"
"LA56",2011,108,10368,7,1,9,21,6,0,0,3,1,2,0,0,0,6,6,,,"Abschlag"
"LA56",2011,106,10377,4,1,9,21,1,0,0,1,0,0,0,0,0,1,6,,,"Abschlag"
"LA56",2011,106,10377,5,1,9,21,1,0,0,0,1,0,0,0,0,1,2,,,"Abschlag"
"LA56",2011,106,10377,6,1,9,21,3,0,0,3,0,0,0,0,0,3,8,,,"Abschlag"
"LA56",2011,106,10377,7,1,9,21,3,0,0,1,2,0,0,0,0,3,1,,,"Abschlag"
"LA56",2011,102,10391,5,1,9,21,33,0,0,23,7,3,0,0,0,33,203,,,"Abschlag"
"LA56",2011,102,10391,6,1,9,21,43,0,0,30,12,1,0,0,0,43,120,,,"Abschlag"
"LA56",2011,102,10391,7,1,9,21,34,0,0,31,2,1,0,0,0,34,41,,,"Abschlag"
"LA56",2011,105,10394,3,1,9,21,2,0,0,1,0,0,1,0,0,2,132,,,"Abschlag"
"LA56",2011,105,10394,4,1,9,21,9,0,0,8,1,0,0,0,0,9,257,,,"Abschlag"
"LA56",2011,105,10394,5,1,9,21,12,0,0,8,3,1,0,0,0,12,130,,,"Abschlag"
"LA56",2011,105,10394,6,1,9,21,4,0,0,3,1,0,0,0,0,4,5,,,"Abschlag"
"LA56",2011,103,10400,1,1,9,21,1,0,0,0,0,1,0,0,0,1,53,,,"Abschlag"
"LA56",2011,103,10400,2,1,9,21,2,0,0,2,0,0,0,0,0,2,560,,,"Abschlag"
"LA56",2011,103,10400,3,1,9,21,11,0,0,0,5,6,0,0,0,11,1245,,,"Abschlag"
"LA56",2011,103,10400,4,1,9,21,54,0,0,36,15,3,0,0,0,54,1389,,,"Abschlag"
"LA56",2011,103,10400,5,1,9,21,19,0,0,16,3,0,0,0,0,19,143,,,"Abschlag"
"LA56",2011,103,10400,6,1,9,21,43,0,0,27,10,6,0,0,0,43,81,,,"Abschlag"
"LA56",2011,103,10400,7,1,9,21,112,0,0,86,22,4,0,0,0,112,64,,,"Abschlag"
"LA56",2011,106,10451,6,1,9,21,2,0,0,1,1,0,0,0,0,2,6,,,"Abschlag"
"LA56",2011,"105ProPu",10456,4,1,9,21,1,0,0,1,0,0,0,0,0,1,20,,,"Abschlag"
"LA56",2011,"Pro.Pu.",10458,5,1,9,21,1,0,0,1,0,0,0,0,0,1,5,,,"Abschlag"
"LA56",2011,"PlaPu",10512,3,1,9,21,1,0,0,0,1,0,0,0,0,1,46,,,"Abschlag"
"LA56",2011,"PlaPu",10512,4,1,9,21,2,0,0,1,0,1,0,0,0,2,20,,,"Abschlag"
"LA56",2011,"PlaPu",10512,5,1,9,21,3,0,0,3,0,0,0,0,0,3,22,,,"Abschlag"
"LA56",2011,"PlaPu",10512,6,1,9,21,3,0,0,3,0,0,0,0,0,3,7,,,"Abschlag"
"LA56",2011,"PlaPu",10512,7,1,9,21,2,0,0,1,1,0,0,0,0,2,3,,,"Abschlag"
"LA56",2011,105,10523,4,1,9,21,2,0,0,2,0,0,0,0,0,2,40,,,"Abschlag"
"LA56",2011,105,10523,5,1,9,21,6,0,0,5,1,0,0,0,0,6,24,,,"Abschlag"
"LA56",2011,105,10523,6,1,9,21,3,0,0,3,0,0,0,0,0,3,4,,,"Abschlag"
"LA56",2011,105,10523,7,1,9,21,2,0,0,2,0,0,0,0,0,2,15,,,"Abschlag"
"LA56",2011,106,10536,5,1,9,21,9,0,0,9,0,0,0,0,0,9,44,,,"Abschlag"
"LA56",2011,106,10536,6,1,9,21,3,0,0,2,1,0,0,0,0,3,40,,,"Abschlag"
"LA56",2011,106,10536,7,1,9,21,4,0,0,3,0,1,0,0,0,4,3,,,"Abschlag"
"LA56",2011,104,10539,4,1,9,21,21,0,0,14,5,2,0,0,0,21,292,,,"Abschlag"
"LA56",2011,104,10539,5,1,9,21,21,0,0,17,4,0,0,0,0,21,121,,,"Abschlag"
"LA56",2011,104,10539,6,1,9,21,14,0,0,7,7,0,0,0,0,14,23,,,"Abschlag"
"LA56",2011,104,10539,7,1,9,21,8,0,0,6,2,0,0,0,0,8,5,,,"Abschlag"
"LA56",2011,102,10542,4,1,9,21,9,0,0,8,1,0,0,0,0,9,158,,,"Abschlag"
"LA56",2011,102,10542,5,1,9,21,15,0,0,9,6,0,0,0,0,15,43,,,"Abschlag"
"LA56",2011,102,10542,6,1,9,21,17,0,0,11,5,1,0,0,0,17,13,,,"Abschlag"
"LA56",2011,102,10542,7,1,9,21,20,0,0,15,5,0,0,0,0,20,10,,,"Abschlag"
"LA56",2011,103,10545,5,1,9,21,4,0,0,0,4,0,0,0,0,4,15,,,"Abschlag"
"LA56",2011,103,10545,6,1,9,21,4,0,0,3,1,0,0,0,0,4,10,,,"Abschlag"
"LA56",2011,103,10545,7,1,9,21,3,0,0,3,0,0,0,0,0,3,2,,,"Abschlag"
"LA56",2011,110,10548,4,1,9,21,1,0,0,0,0,1,0,0,0,1,14,,,"Abschlag"
"LA56",2011,110,10548,5,1,9,21,9,0,0,5,4,0,0,0,0,9,65,,,"Abschlag"
"LA56",2011,110,10548,6,1,9,21,13,0,0,9,4,0,0,0,0,13,20,,,"Abschlag"
"LA56",2011,110,10548,7,1,9,21,16,0,0,14,2,0,0,0,0,16,9,,,"Abschlag"
"LA56",2011,104,10551,3,1,9,21,2,0,0,1,1,0,0,0,0,2,84,,,"Abschlag"
"LA56",2011,104,10551,4,1,9,21,3,0,0,2,1,0,0,0,0,3,50,,,"Abschlag"
"LA56",2011,104,10551,5,1,9,21,7,0,0,3,4,0,0,0,0,7,47,,,"Abschlag"
"LA56",2011,104,10551,6,1,9,21,10,0,0,8,0,2,0,0,0,10,22,,,"Abschlag"
"LA56",2011,202,10551,7,1,9,21,10,0,0,8,2,0,0,0,0,10,11,,,"Abschlag"
"LA56",2011,105,10556,4,1,9,21,2,0,0,0,2,0,0,0,0,2,26,,,"Abschlag"
"LA56",2011,105,10556,6,1,9,21,9,0,0,7,1,1,0,0,0,9,25,,,"Abschlag"
"LA56",2011,110,10559,5,1,9,21,1,0,0,0,1,0,0,0,0,1,8,,,"Abschlag"
"LA56",2011,108,10562,3,1,9,21,2,0,0,2,0,0,0,0,0,2,41,,,"Abschlag"
"LA56",2011,108,10562,4,1,9,21,8,0,0,6,2,0,0,0,0,8,90,,,"Abschlag"
"LA56",2011,108,10562,5,1,9,21,6,0,0,4,2,0,0,0,0,6,27,,,"Abschlag"
"LA56",2011,108,10562,6,1,9,21,11,0,0,11,0,0,0,0,0,11,14,,,"Abschlag"
"LA56",2011,108,10562,7,1,9,21,7,0,0,6,1,0,0,0,0,7,6,,,"Abschlag"
"LA56",2011,110,10591,4,1,9,21,4,0,0,1,2,1,0,0,0,4,70,,,"Abschlag"
"LA56",2011,110,10591,5,1,9,21,2,0,0,2,0,0,0,0,0,2,8,,,"Abschlag"
"LA56",2011,110,10591,6,1,9,21,1,0,0,1,0,0,0,0,0,1,4,,,"Abschlag"
"LA56",2011,110,10591,7,1,9,21,5,0,0,5,0,0,0,0,0,5,1.4,,,"Abschlag"
"LA56",2011,"ProPu",10597,4,1,9,21,1,0,0,1,0,0,0,0,0,1,7,,,"Abschlag"
"LA56",2011,"ProPu",10597,5,1,9,21,10,0,0,6,3,1,0,0,0,10,46,,,"Abschlag"
"LA56",2011,"ProPu",10597,6,1,9,21,9,0,0,7,2,0,0,0,0,9,7,,,"Abschlag"
"LA56",2011,"ProPu",10597,7,1,9,21,9,0,0,4,5,0,0,0,0,9,7,,,"Abschlag"
"LA56",2011,"PlaPu",10670,5,1,9,21,4,0,0,4,0,0,0,0,0,4,28,,,"Abschlag"
"LA56",2011,104,10711,4,1,9,21,2,0,0,0,2,0,0,0,0,2,18,,,"Abschlag"
"LA56",2011,104,10719,3,1,9,21,5,0,0,1,4,0,0,0,0,5,142,,,"Abschlag"
"LA56",2011,104,10719,4,1,9,21,17,0,0,9,7,1,0,0,0,17,243,,,"Abschlag"
"LA56",2011,104,10719,5,1,9,21,1,0,0,0,1,0,0,0,0,1,3,,,"Abschlag"
"LA56",2011,104,10719,5,1,9,21,8,0,0,4,4,0,0,0,0,8,32,,,"Abschlag"
"LA56",2011,104,10719,5,1,9,21,21,0,0,16,3,2,0,0,0,21,121,,,"Abschlag"
"LA56",2011,104,10719,6,1,9,21,15,0,0,13,1,1,0,0,0,15,17.8,,,"Abschlag"
"LA56",2011,104,10719,6,1,9,21,1,0,0,1,0,0,0,0,0,1,1,,,"Abschlag"
"LA56",2011,104,10719,7,1,9,21,13,0,0,10,3,0,0,0,0,13,7.6,,,"Abschlag"
"LA56",2011,104,10719,7,1,9,21,1,0,0,0,1,0,0,0,0,1,2,,,"Abschlag"
"LA56",2011,109,10726,5,1,9,21,1,0,0,1,0,0,0,0,0,1,7,,,"Abschlag"
"LA56",2011,109,10726,6,1,9,21,2,0,0,1,1,0,0,0,0,2,2,,,"Abschlag"
"LA56",2011,109,10726,7,1,9,21,2,0,0,1,1,0,0,0,0,2,1,,,"Abschlag"
"LA56",2011,104,10744,5,1,9,21,1,0,0,1,0,0,0,0,0,1,5,,,"Abschlag"
"LA56",2011,104,10746,4,1,9,21,3,0,0,3,0,0,0,0,0,3,43,,,"Abschlag"
"LA56",2011,"103ProPu",10760,5,1,9,21,2,0,0,0,1,1,0,0,0,2,8,,,"Abschlag"
"LA56",2011,"103ProPu",10760,6,1,9,21,1,0,0,1,0,0,0,0,0,1,2,,,"Abschlag"
"LA56",2011,"103ProPu",10760,7,1,9,21,1,0,0,1,0,0,0,0,0,1,1,,,"Abschlag"
"LA56",2011,109,10914,6,1,9,21,1,0,0,0,1,0,0,0,0,1,2,,,"Abschlag"
"LA56",2011,109,10914,7,1,9,21,1,0,0,0,1,0,0,0,0,1,2.3,,,"Abschlag"
"LA56",2011,110,10916,4,1,9,21,2,0,0,2,0,0,0,0,0,2,15.7,,,"Abschlag"
"LA56",2011,110,10916,5,1,9,21,2,0,0,1,1,0,0,0,0,2,39,,,"Abschlag"
"LA56",2011,110,10916,6,1,9,21,1,0,0,0,1,0,0,0,0,1,27,,,"Abschlag"
"LA56",2011,110,10916,6,1,9,21,2,0,0,2,0,0,0,0,0,2,2.8,,,"Abschlag"
"LA56",2011,110,10916,7,1,9,21,2,0,0,2,0,0,0,0,0,2,1.1,,,"Abschlag"
"LA56",2011,110,10919,4,1,9,21,1,0,0,0,1,0,0,0,0,1,22.4,,,"Abschlag"
"LA56",2011,110,10919,5,1,9,21,3,0,0,1,2,0,0,0,0,3,17.7,,,"Abschlag"
"LA56",2011,111,10920,3,1,9,21,2,0,0,2,0,0,0,0,0,2,180,,,"Abschlag"
"LA56",2011,111,10920,4,1,9,21,1,0,0,0,1,0,0,0,0,1,10,,,"Abschlag"
"LA56",2011,111,10920,5,1,9,21,6,0,0,1,3,2,0,0,0,6,45,,,"Abschlag"
"LA56",2011,111,10920,6,1,9,21,6,0,0,6,0,0,0,0,0,6,12,,,"Abschlag"
"LA56",2011,111,10920,7,1,9,21,3,0,0,2,1,0,0,0,0,3,3,,,"Abschlag"
"LA56",2011,105,10926,2,1,9,21,1,0,0,0,1,0,0,0,0,1,317,,,"Abschlag"
"LA56",2011,105,10926,3,1,9,21,1,0,0,0,1,0,0,0,0,1,152,,,"Abschlag"
"LA56",2011,105,10926,3,1,9,21,1,0,0,0,1,0,0,0,0,1,200,,,"Abschlag"
"LA56",2011,105,10926,4,1,9,21,1,0,0,1,0,0,0,0,0,1,15,,,"Abschlag"
"LA56",2011,105,10926,4,1,9,21,2,0,0,2,0,0,0,0,0,2,34,,,"Abschlag"
"LA56",2011,105,10926,5,1,9,21,2,0,0,1,0,1,0,0,0,2,10,,,"Abschlag"
"LA56",2011,105,10926,5,1,9,21,2,0,0,2,0,0,0,0,0,2,23,,,"Abschlag"
"LA56",2011,105,10926,6,1,9,21,2,0,0,2,0,0,0,0,0,2,2,,,"Abschlag"
"LA56",2011,105,10926,6,1,9,21,2,0,0,1,0,1,0,0,0,2,2.9,,,"Abschlag"
"LA56",2011,105,10926,7,1,9,21,1,0,0,1,0,0,0,0,0,1,0.9,,,"Abschlag"
"LA56",2011,105,10926,7,1,9,21,3,0,0,3,0,0,0,0,0,3,1.6,,,"Abschlag"
"LA56",2011,106,10930,2,1,9,21,1,0,0,0,1,0,0,0,0,1,159.2,,,"Abschlag"
"LA56",2011,106,10930,4,1,9,21,3,0,0,1,2,0,0,0,0,3,59.3,,,"Abschlag"
"LA56",2011,106,10930,5,1,9,21,1,0,0,1,0,0,0,0,0,1,3,,,"Abschlag"
"LA56",2011,106,10930,5,1,9,21,5,0,0,3,2,0,0,0,0,5,19.7,,,"Abschlag"
"LA56",2011,106,10930,6,1,9,21,2,0,0,1,1,0,0,0,0,2,4,,,"Abschlag"
"LA56",2011,106,10930,7,1,9,21,3,0,0,1,2,0,0,0,0,3,1.3,,,"Abschlag"
"LA56",2011,104,11040,3,1,9,21,3,0,0,2,1,0,0,0,0,3,108,,,"Abschlag"
"LA56",2011,104,11040,4,1,9,21,15,0,0,11,1,3,0,0,0,15,274,,,"Abschlag"
"LA56",2011,104,11040,5,1,9,21,16,0,0,8,5,3,0,0,0,16,72,,,"Abschlag"
"LA56",2011,104,11040,6,1,9,21,22,0,0,19,2,1,0,0,0,22,38,,,"Abschlag"
"LA56",2011,104,11040,7,1,9,21,10,0,0,9,1,0,0,0,0,10,11.4,,,"Abschlag"
"LA56",2011,"PrPNO",11046,4,1,9,21,7,0,0,4,2,1,0,0,0,7,109.5,,,"Abschlag"
"LA56",2011,"PrPNO",11046,5,1,9,21,2,0,0,2,0,0,0,0,0,2,7.8,,,"Abschlag"
"LA56",2011,"PrPNO",11046,6,1,9,21,4,0,0,2,2,0,0,0,0,4,6.6,,,"Abschlag"
"LA56",2011,"ProPO",11057,4,1,9,21,3,0,0,2,1,0,0,0,0,3,32.8,,,"Abschlag"
"LA56",2011,"ProPO",11057,5,1,9,21,4,0,0,4,0,0,0,0,0,4,24.7,,,"Abschlag"
"LA56",2011,"ProPO",11057,6,1,9,21,4,0,0,4,0,0,0,0,0,4,8.6,,,"Abschlag"
"LA56",2011,"ProPO",11057,7,1,9,21,2,0,0,1,1,0,0,0,0,2,0.8,,,"Abschlag"
"LA56",2011,112,11127,6,1,9,21,2,0,0,2,0,0,0,0,0,2,2.4,,,"Abschlag"
"LA56",2011,201,20237,3,1,9,21,1,0,0,1,0,0,0,0,0,1,51,,,"Abschlag"
"LA56",2011,201,20237,4,1,9,21,9,0,0,8,1,0,0,0,0,9,81,,,"Abschlag"
"LA56",2011,201,20237,5,1,9,21,9,0,0,8,1,0,0,0,0,9,39,,,"Abschlag"
"LA56",2011,201,20237,6,1,9,21,21,0,0,15,4,1,1,0,0,21,62,,,"Abschlag"
"LA56",2011,201,20237,7,1,9,21,7,0,0,7,0,0,0,0,0,7,6,,,"Abschlag"
"LA56",2011,201,20237,7,1,9,21,16,0,0,14,1,1,0,0,0,16,11,,,"Abschlag"
"LA56",2011,201,20238,6,1,9,21,6,0,0,5,1,0,0,0,0,6,15,,,"Abschlag"
"LA56",2011,201,20238,7,1,9,21,3,0,0,3,0,0,0,0,0,3,1,,,"Abschlag"
"LA56",2011,"PlaPu",20361,5,1,9,21,2,0,0,2,0,0,0,0,0,2,7,,,"Abschlag"
"LA56",2011,"PlaPu",20361,7,1,9,21,5,0,0,4,1,0,0,0,0,5,4,,,"Abschlag"
"LA56",2011,"PlaPu",20369,4,1,9,21,3,0,0,2,1,0,0,0,0,3,153,,,"Abschlag"
"LA56",2011,"PlaPu",20369,5,1,9,21,3,0,0,3,0,0,0,0,0,3,23,,,"Abschlag"
"LA56",2011,"PlaPu",20369,6,1,9,21,5,0,0,4,1,0,0,0,0,5,6,,,"Abschlag"
"LA56",2011,"PlaPu",20369,7,1,9,21,9,0,0,8,0,1,0,0,0,9,6,,,"Abschlag"
"LA56",2011,"H4",20380,4,1,9,21,1,0,0,1,0,0,0,0,0,1,6,,,"Abschlag"
"LA56",2011,"H4",20380,5,1,9,21,9,0,0,9,0,0,0,0,0,9,41,,,"Abschlag"
"LA56",2011,"H4",20380,6,1,9,21,12,0,0,11,1,0,0,0,0,12,17,,,"Abschlag"
"LA56",2011,"H4",20380,7,1,9,21,9,0,0,9,0,0,0,0,0,9,8,,,"Abschlag"
"LA56",2011,201,20463,6,1,9,21,3,0,0,3,0,0,0,0,0,3,40,,,"Abschlag"
"LA56",2011,201,20463,7,1,9,21,5,0,0,3,2,0,0,0,0,5,2,,,"Abschlag"
"LA56",2011,"PlaPu",20506,6,1,9,21,1,0,0,1,0,0,0,0,0,1,3,,,"Abschlag"
"LA56",2011,"PlaPu",20506,7,1,9,21,1,0,0,1,0,0,0,0,0,1,0.4,,,"Abschlag"
"LA56",2011,201,20526,6,1,9,21,3,0,0,3,0,0,0,0,0,3,5,,,"Abschlag"
"LA56",2011,201,20526,7,1,9,21,4,0,0,2,1,1,0,0,0,4,4,,,"Abschlag"
"LA56",2011,202,20533,4,1,9,21,2,0,0,1,1,0,0,0,0,2,25,,,"Abschlag"
"LA56",2011,202,20533,5,1,9,21,2,0,0,2,0,0,0,0,0,2,12,,,"Abschlag"
"LA56",2011,202,20533,6,1,9,21,3,0,0,3,0,0,0,0,0,3,8,,,"Abschlag"
"LA56",2011,202,20533,7,1,9,21,2,0,0,2,0,0,0,0,0,2,1,,,"Abschlag"
"LA56",2011,202,20591,5,1,9,21,14,0,0,8,6,0,0,0,0,14,74,,,"Abschlag"
"LA56",2011,202,20594,4,1,9,21,1,0,0,0,0,1,0,0,0,1,45,,,"Abschlag"
"LA56",2011,202,20594,5,1,9,21,1,0,0,1,0,0,0,0,0,1,13,,,"Abschlag"
"LA56",2011,202,20594,6,1,9,21,1,0,0,1,0,0,0,0,0,1,1,,,"Abschlag"
"LA56",2011,202,20597,7,1,9,21,13,0,0,6,5,2,0,0,0,13,11,,,"Abschlag"
"LA56",2011,203,20670,4,1,9,21,2,0,0,2,0,0,0,0,0,2,24,,,"Abschlag"
"LA56",2011,203,20670,5,1,9,21,2,0,0,1,1,0,0,0,0,2,83,,,"Abschlag"
"LA56",2011,203,20670,7,1,9,21,1,0,0,1,0,0,0,0,0,1,1,,,"Abschlag"
"LA56",2011,203,20672,5,1,9,21,1,0,0,0,1,0,0,0,0,1,2,,,"Abschlag"
"LA56",2011,203,20672,6,1,9,21,1,0,0,1,0,0,0,0,0,1,3,,,"Abschlag"
"LA56",2011,203,20672,6,1,9,21,1,0,0,1,0,0,0,0,0,1,10,,,"Abschlag"
"LA56",2011,203,20672,7,1,9,21,1,0,0,1,0,0,0,0,0,1,0.7,,,"Abschlag"
"LA56",2011,"PlaPu",20679,4,1,9,21,7,0,0,6,1,0,0,0,0,7,113,,,"Abschlag"
"LA56",2011,"PlaPu",20679,5,1,9,21,17,0,0,15,2,0,0,0,0,17,122,,,"Abschlag"
"LA56",2011,"PlaPu",20679,6,1,9,21,15,0,0,15,0,0,0,0,0,15,27,,,"Abschlag"
"LA56",2011,"PlaPu",20679,7,1,9,21,10,0,0,8,0,2,0,0,0,10,6,,,"Abschlag"
"LA56",2011,"SockPu",20689,4,1,9,21,1,0,0,1,0,0,0,0,0,1,12,,,"Abschlag"
"LA56",2011,"SoPu",20689,5,1,9,21,5,0,0,5,0,0,0,0,0,5,45,,,"Abschlag"
"LA56",2011,"SockPu",20689,6,1,9,21,3,0,0,2,1,0,0,0,0,3,8,,,"Abschlag"
"LA56",2011,"SoPu",20689,7,1,9,21,1,0,0,1,0,0,0,0,0,1,2,,,"Abschlag"
"LA56",2011,"H4",20701,4,1,9,21,2,0,0,1,1,0,0,0,0,2,48,,,"Abschlag"
"LA56",2011,"H4",20701,4,1,9,21,1,0,0,1,0,0,0,0,0,1,18,,,"Abschlag"
"LA56",2011,"H4",20701,5,1,9,21,1,0,0,0,1,0,0,0,0,1,7,,,"Abschlag"
"LA56",2011,"H4",20701,5,1,9,21,1,0,0,1,0,0,0,0,0,1,10,,,"Abschlag"
"LA56",2011,"H4",20701,6,1,9,21,2,0,0,2,0,0,0,0,0,2,10,,,"Abschlag"
"LA56",2011,"H4",20701,6,1,9,21,4,0,0,4,0,0,0,0,0,4,7,,,"Abschlag"
"LA56",2011,"H4",20701,6,1,9,21,1,0,0,0,1,0,0,0,0,1,4,,,"Abschlag"
"LA56",2011,"H4",20701,7,1,9,21,1,0,0,1,0,0,0,0,0,1,1,,,"Abschlag"
"LA56",2011,"H4",20701,7,1,9,21,5,0,0,3,1,1,0,0,0,5,3,,,"Abschlag"
"LA56",2011,"H4",20701,7,1,9,21,4,0,0,2,2,0,0,0,0,4,3,,,"Abschlag"
"LA56",2011,203,20707,6,1,9,21,1,0,0,0,0,1,0,0,0,1,1,,,"Abschlag"
"LA56",2011,203,20707,6,1,9,21,2,0,0,2,0,0,0,0,0,2,2,,,"Abschlag"
"LA56",2011,202,20712,5,1,9,21,1,0,0,1,0,0,0,0,0,1,7,,,"Abschlag"
"LA56",2011,202,20712,7,1,9,21,3,0,0,3,0,0,0,0,0,3,2,,,"Abschlag"
"LA56",2011,"SockPu2",20947,5,1,9,21,3,0,0,2,1,0,0,0,0,3,15.9,,,"Abschlag"
"LA56",2011,"SockPu2",20947,6,1,9,21,2,0,0,2,0,0,0,0,0,2,5.6,,,"Abschlag"
"LA56",2011,"SockPu2",20947,7,1,9,21,7,0,0,2,4,1,0,0,0,7,6.9,,,"Abschlag"
"LA56",2011,"SockPu1",20949,4,1,9,21,1,0,0,0,1,0,0,0,0,1,6,,,"Abschlag"
"LA56",2011,"SockPu1",20949,7,1,9,21,4,0,0,4,0,0,0,0,0,4,2.4,,,"Abschlag"
"LA56",2011,201,20953,4,1,9,21,1,0,0,0,0,1,0,0,0,1,8.9,,,"Abschlag"
"LA56",2011,201,20953,5,1,9,21,10,0,0,7,3,0,0,0,0,10,28,,,"Abschlag"
"LA56",2011,201,20953,6,1,9,21,1,0,0,0,1,0,0,0,0,1,1.6,,,"Abschlag"
"LA56",2011,201,20953,6,1,9,21,21,0,0,12,8,1,0,0,0,21,30,,,"Abschlag"
"LA56",2011,201,20953,7,1,9,21,27,0,0,20,7,0,0,0,0,27,17.8,,,"Abschlag"
"LA56",2011,201,20954,6,1,9,21,1,3,0,2,2,0,0,0,0,4,10,,,"Abschlag"
"LA56",2011,201,20954,7,1,9,21,2,0,0,2,0,0,0,0,0,2,1.6,,,"Abschlag"
"LA56",2011,"ProPuO",20970,4,1,9,21,2,0,0,2,0,0,0,0,0,2,40,,,"Abschlag"
"LA56",2011,"ProPuO",20970,5,1,9,21,1,0,0,1,0,0,0,0,0,1,9.8,,,"Abschlag"
"LA56",2011,"ProPuO",20970,6,1,9,21,3,0,0,2,1,0,0,0,0,3,2.8,,,"Abschlag"
"LA56",2011,"ProPuO",20970,7,1,9,21,2,0,0,2,0,0,0,0,0,2,1,,,"Abschlag"
"LA56",2011,"ProPuW",20977,5,1,9,21,1,0,0,0,1,0,0,0,0,1,5.4,,,"Abschlag"
"LA56",2011,"ProPuW",20977,6,1,9,21,5,0,0,4,1,0,0,0,0,5,7.9,,,"Abschlag"
"LA56",2011,"ProPuW",20977,7,1,9,21,3,0,0,3,0,0,0,0,0,3,1.2,,,"Abschlag"
"LA56",2011,202,21005,4,1,9,21,2,0,0,1,0,1,0,0,0,2,58,,,"Abschlag"
"LA56",2011,202,21005,5,1,9,21,8,0,0,6,1,1,0,0,0,8,58,,,"Abschlag"
"LA56",2011,202,21005,6,1,9,21,16,0,0,14,1,1,0,0,0,16,32,,,"Abschlag"
"LA56",2011,202,21005,7,1,9,21,9,0,0,9,0,0,0,0,0,9,6,,,"Abschlag"
"LA56",2011,"ProPN",21024,3,1,9,21,1,0,0,1,0,0,0,0,0,1,66.2,,,"Abschlag"
"LA56",2011,"ProPN",21024,4,1,9,21,2,0,0,1,1,0,0,0,0,2,64.9,,,"Abschlag"
"LA56",2011,"ProPN",21024,5,1,9,21,10,0,0,6,3,1,0,0,0,10,66.3,,,"Abschlag"
"LA56",2011,"ProPN",21024,6,1,9,21,28,0,0,18,7,3,0,0,0,28,55.3,,,"Abschlag"
"LA56",2011,"ProPn",21024,7,1,9,21,24,0,0,15,7,2,0,0,0,24,16.9,,,"Abschlag"
"LA56",2011,203,21031,4,1,9,21,8,0,0,2,3,2,1,0,0,8,245,,,"Abschlag"
"LA56",2011,203,21031,5,1,9,21,13,0,0,13,0,0,0,0,0,13,69,,,"Abschlag"
"LA56",2011,203,21031,6,1,9,21,13,0,0,12,1,0,0,0,0,13,28,,,"Abschlag"
"LA56",2011,203,21031,6,1,"09da",21,1,0,0,1,0,0,0,0,0,1,2.3,,,"Abschlag"
"LA56",2011,203,21031,7,1,9,21,7,0,0,3,2,2,0,0,0,7,7.8,,,"Abschlag"
"LA56",2011,301,30004,5,1,9,21,14,0,0,11,1,0,2,0,0,14,97,,,"Abschlag"
"LA56",2011,302,30018,6,1,9,21,28,0,0,23,3,1,1,0,0,28,70,,,"Abschlag"
"LA56",2011,"ohne Bef.",30023,4,1,9,21,3,0,0,0,3,0,0,0,0,3,46,,,"Abschlag"
"LA56",2011,"ohne Bef.",30023,5,1,9,21,5,0,0,4,1,0,0,0,0,5,38,,,"Abschlag"
"LA56",2011,"ohne Bef.",30023,6,1,9,21,4,0,0,2,2,0,0,0,0,4,8,,,"Abschlag"
"LA56",2011,"ohne Bef.",30023,7,1,9,21,1,0,0,1,0,0,0,0,0,1,1,,,"Abschlag"
"LA56",2011,301,30034,4,1,9,21,4,0,0,3,1,0,0,0,0,4,100,,,"Abschlag"
"LA56",2011,301,30034,7,1,9,21,14,0,0,9,5,0,0,0,0,14,10,,,"Abschlag"
"LA56",2011,302,30060,5,1,9,21,1,0,0,0,1,0,0,0,0,1,4,,,"Abschlag"
"LA56",2011,302,30060,5,1,9,21,3,0,0,0,3,0,0,0,0,3,29.5,,,"Abschlag"
"LA56",2011,302,30060,7,1,9,21,5,0,0,5,0,0,0,0,0,5,2.3,,,"Abschlag"
"LA56",2011,302,30060,7,1,9,21,6,0,0,6,0,0,0,0,0,6,3,,,"Abschlag"
"LA56",2011,"H2",30063,4,1,9,21,2,0,0,0,0,2,0,0,0,2,69,,,"Abschlag"
"LA56",2011,303,30063,5,1,9,21,2,0,0,1,1,0,0,0,0,2,26,,,"Abschlag"
"LA56",2011,303,30063,6,1,9,21,3,0,0,3,0,0,0,0,0,3,13,,,"Abschlag"
"LA56",2011,303,30063,7,1,9,21,4,0,0,3,1,0,0,0,0,4,6,,,"Abschlag"
"LA56",2011,301,30068,3,1,9,21,1,0,0,0,1,0,0,0,0,1,15,,,"Abschlag"
"LA56",2011,301,30068,4,1,9,21,4,0,0,2,1,1,0,0,0,4,90,,,"Abschlag"
"LA56",2011,301,30068,5,1,9,21,11,0,0,8,3,0,0,0,0,11,993,,,"Abschlag"
"LA56",2011,301,30068,6,1,9,21,39,0,0,26,5,4,4,0,0,39,89,,,"Abschlag"
"LA56",2011,301,30068,7,1,9,21,38,0,0,25,9,2,2,0,0,38,26,,,"Abschlag"
"LA56",2011,301,30085,3,1,9,21,1,0,0,0,0,1,0,0,0,1,101,,,"Abschlag"
"LA56",2011,301,30085,4,1,9,21,7,0,0,2,2,0,3,0,0,7,103,,,"Abschlag"
"LA56",2011,301,30085,5,1,9,21,23,0,0,17,5,1,0,0,0,23,166,,,"Abschlag"
"LA56",2011,301,30085,6,1,9,21,39,0,0,38,1,0,0,0,0,39,81,,,"Abschlag"
"LA56",2011,301,30085,7,1,9,21,19,0,0,16,3,0,0,0,0,19,12,,,"Abschlag"
"LA56",2011,302,30118,4,1,9,21,4,0,0,4,0,0,0,0,0,4,77,,,"Abschlag"
"LA56",2011,302,30118,5,1,9,21,10,0,0,8,2,0,0,0,0,10,56,,,"Abschlag"
"LA56",2011,302,30118,7,1,9,21,16,0,0,15,1,0,0,0,0,16,14,,,"Abschlag"
"LA56",2011,303,30124,5,1,9,21,3,0,0,2,0,1,0,0,0,3,14,,,"Abschlag"
"LA56",2011,303,30124,6,1,9,21,5,0,0,4,1,0,0,0,0,5,16,,,"Abschlag"
"LA56",2011,303,30124,7,1,9,21,2,0,0,1,1,0,0,0,0,2,3,,,"Abschlag"
"LA56",2011,"Profilputz",30126,5,1,9,21,2,0,0,0,2,0,0,0,0,2,5,,,"Abschlag"
"LA56",2011,"Profilputz",30126,6,1,9,21,2,0,0,2,0,0,0,0,0,2,9,,,"Abschlag"
"LA56",2011,304,30170,4,1,9,21,1,0,0,1,0,0,0,0,0,1,9,,,"Abschlag"
"LA56",2011,304,30170,5,1,9,21,4,0,0,3,1,0,0,0,0,4,21,,,"Abschlag"
"LA56",2011,304,30170,6,1,9,21,5,0,0,5,0,0,0,0,0,5,6,,,"Abschlag"
"LA56",2011,304,30170,7,1,9,21,13,0,0,11,2,0,0,0,0,13,7,,,"Abschlag"
"LA56",2011,"Prof. Nord",30196,3,1,9,21,2,0,0,2,0,0,0,0,0,2,123,,,"Abschlag"
"LA56",2011,"Prof. Nord",30196,4,1,9,21,2,0,0,0,0,2,0,0,0,2,64,,,"Abschlag"
"LA56",2011,"Prof. Nord",30196,5,1,9,21,13,0,0,8,5,0,0,0,0,13,73,,,"Abschlag"
"LA56",2011,"Prof. Nord",30196,6,1,9,21,19,0,0,9,3,7,0,0,0,19,35,,,"Abschlag"
"LA56",2011,"Pro. Nord",30196,7,1,9,21,11,0,0,9,2,0,0,0,0,11,6,,,"Abschlag"
"LA56",2011,302,30197,4,1,9,21,1,0,0,1,0,0,0,0,0,1,45,,,"Abschlag"
"LA56",2011,302,30197,5,1,9,21,9,0,0,3,6,0,0,0,0,9,36,,,"Abschlag"
"LA56",2011,302,30197,6,1,9,21,9,0,0,5,2,2,0,0,0,9,9,,,"Abschlag"
"LA56",2011,302,30197,7,1,9,21,35,0,0,26,6,3,0,0,0,35,28,,,"Abschlag"
"LA56",2011,303,30204,3,1,9,21,1,0,0,0,1,0,0,0,0,1,76,,,"Abschlag"
"LA56",2011,301,30206,5,1,9,21,4,0,0,1,3,0,0,0,0,4,24,,,"Abschlag"
"LA56",2011,301,30206,6,1,9,21,3,0,0,3,0,0,0,0,0,3,2,,,"Abschlag"
"LA56",2011,301,30206,7,1,9,21,3,0,0,2,1,0,0,0,0,3,3,,,"Abschlag"
"LA56",2011,305,30210,4,1,9,21,2,0,0,1,0,1,0,0,0,2,18,,,"Abschlag"
"LA56",2011,305,30210,5,1,9,21,3,0,0,2,1,0,0,0,0,3,19,,,"Abschlag"
"LA56",2011,305,30210,6,1,9,21,14,0,0,11,2,1,0,0,0,14,32,,,"Abschlag"
"LA56",2011,305,30210,7,1,9,21,9,0,0,7,2,0,0,0,0,9,5,,,"Abschlag"
"LA56",2011,303,30222,4,1,9,21,1,0,0,0,1,0,0,0,0,,6,,,"Abschlag"
"LA56",2011,303,30222,5,1,9,21,1,0,0,0,0,1,0,0,0,,7,,,"Abschlag"
"LA56",2011,303,30222,6,1,9,21,1,0,0,1,0,0,0,0,0,,2,,,"Abschlag"
"LA56",2011,303,30222,7,1,9,21,,0,0,2,0,0,0,0,0,,1,,,"Abschlag"
"LA56",2011,"Sch.Pl.",30228,5,1,9,21,1,0,0,1,0,0,0,0,0,,4,,,"Abschlag"
"LA56",2011,"SchPl",30228,6,1,9,21,1,0,0,1,0,0,0,0,0,,1,,,"Abschlag"
"LA56",2011,"SchPl",30266,5,1,9,21,1,0,0,1,0,0,0,0,0,,6,,,"Abschlag"
"LA56",2011,"SchPl",30266,7,1,9,21,1,0,0,1,0,0,0,0,0,,0.3,,,"Abschlag"
"LA56",2011,"Pla.Pu.",30271,1,1,9,21,7,0,0,6,1,0,0,0,0,,44,,,"Abschlag"
"LA56",2011,"Pla.Pu.",30271,4,1,9,21,5,0,0,3,2,0,0,0,0,5,65,,,"Abschlag"
"LA56",2011,"Pla.Pu.",30271,6,1,9,21,16,0,0,6,3,6,1,0,0,16,58,,,"Abschlag"
"LA56",2011,"Pla.Pu.",30271,7,1,9,21,11,0,0,7,3,1,0,0,0,11,11,,,"Abschlag"
"LA56",2011,301,30293,5,1,9,21,1,0,0,1,0,0,0,0,0,1,20,,,"Abschlag"
"LA56",2011,301,30293,6,1,9,21,1,0,0,0,1,0,0,0,0,1,2,,,"Abschlag"
"LA56",2011,303,30294,7,1,9,21,6,0,0,5,0,1,0,0,0,6,3,,,"Abschlag"
"LA56",2011,307,30296,4,1,9,21,1,0,0,0,1,0,0,0,0,1,8,,,"Abschlag"
"LA56",2011,307,30296,5,1,9,21,1,0,0,0,0,1,0,0,0,1,8,,,"Abschlag"
"LA56",2011,307,30296,6,1,9,21,1,0,0,1,0,0,0,0,0,1,3,,,"Abschlag"
"LA56",2011,307,30296,7,1,9,21,3,0,0,3,0,0,0,0,0,3,2,,,"Abschlag"
"LA56",2011,305,30301,4,1,9,21,1,0,0,1,0,0,0,0,0,1,7,,,"Abschlag"
"LA56",2011,305,30301,5,1,9,21,4,0,0,4,0,0,0,0,0,4,18,,,"Abschlag"
"LA56",2011,305,30301,6,1,9,21,7,0,0,3,3,1,0,0,0,7,15,,,"Abschlag"
"LA56",2011,305,30301,7,1,9,21,18,0,0,9,4,5,0,0,0,18,9,,,"Abschlag"
"LA56",2011,306,30305,4,1,9,21,1,0,0,0,0,1,0,0,0,1,24,,,"Abschlag"
"LA56",2011,306,30305,5,1,9,21,1,0,0,1,0,0,0,0,0,1,3,,,"Abschlag"
"LA56",2011,306,30305,6,1,9,21,6,0,0,0,5,1,0,0,0,6,9,,,"Abschlag"
"LA56",2011,306,30305,7,1,9,21,30,0,0,20,5,5,0,0,0,30,16,,,"Abschlag"
"LA56",2011,302,30308,5,1,9,21,2,0,0,2,0,0,0,0,0,2,9,,,"Abschlag"
"LA56",2011,302,30308,6,1,9,21,2,0,0,1,1,0,0,0,0,2,9,,,"Abschlag"
"LA56",2011,302,30308,7,1,9,21,6,0,0,6,0,0,0,0,0,6,3,,,"Abschlag"
"LA56",2011,304,30310,5,1,9,21,1,0,0,1,0,0,0,0,0,1,7,,,"Abschlag"
"LA56",2011,304,30310,6,1,9,21,4,0,0,2,2,0,0,0,0,4,10,,,"Abschlag"
"LA56",2011,"ProPu",30323,7,1,9,21,11,0,0,10,0,1,0,0,0,11,7,,,"Abschlag"
"LA56",2011,"Sch. Pl.",30332,5,1,9,21,2,0,0,1,1,0,0,0,0,2,3,,,"Abschlag"
"LA56",2011,"Sch. Pl.",30332,6,1,"09DA",21,1,0,0,1,0,0,0,0,0,1,2,,,"Abschlag"
"LA56",2011,"Sch. Pl.",30332,7,1,9,21,2,0,0,1,1,0,0,0,0,2,3,,,"Abschlag"
"LA56",2011,307,30353,3,1,9,21,1,0,0,0,1,0,0,0,0,1,68,,,"Abschlag"
"LA56",2011,307,30353,4,1,9,21,1,0,0,0,1,0,0,0,0,1,7,,,"Abschlag"
"LA56",2011,307,30353,5,1,9,21,2,0,0,1,1,0,0,0,0,2,17,,,"Abschlag"
"LA56",2011,307,30353,6,1,9,21,3,0,0,2,1,0,0,0,0,3,7,,,"Abschlag"
"LA56",2011,307,30353,7,1,9,21,3,0,0,3,0,0,0,0,0,3,1,,,"Abschlag"
"LA56",2011,305,30355,4,1,9,21,5,0,0,3,2,0,0,0,0,5,107,,,"Abschlag"
"LA56",2011,305,30355,5,1,9,21,1,0,0,0,1,0,0,0,0,1,6,,,"Abschlag"
"LA56",2011,305,30355,6,1,9,21,5,0,0,5,0,0,0,0,0,5,9,,,"Abschlag"
"LA56",2011,305,30355,7,1,9,21,5,0,0,5,0,0,0,0,0,5,3,,,"Abschlag"
"LA56",2011,309,30358,4,1,9,21,4,0,0,1,3,0,0,0,0,4,62,,,"Abschlag"
"LA56",2011,309,30358,5,1,9,21,10,0,0,9,1,0,0,0,0,10,63,,,"Abschlag"
"LA56",2011,309,30358,6,1,9,21,16,0,0,13,3,0,0,0,0,16,34,,,"Abschlag"
"LA56",2011,309,30358,7,1,9,21,28,0,0,19,8,1,0,0,0,28,23,,,"Abschlag"
"LA56",2011,302,30364,4,1,9,21,1,0,0,1,0,0,0,0,0,1,19,,,"Abschlag"
"LA56",2011,302,30364,5,1,9,21,5,0,0,4,0,1,0,0,0,5,25,,,"Abschlag"
"LA56",2011,302,30364,7,1,9,21,24,0,0,24,0,0,0,0,0,24,15,,,"Abschlag"
"LA56",2011,304,30372,4,1,9,21,1,0,0,1,0,0,0,0,0,1,11,,,"Abschlag"
"LA56",2011,304,30372,5,1,9,21,2,0,0,2,0,0,0,0,0,2,7,,,"Abschlag"
"LA56",2011,304,30372,6,1,9,21,8,0,0,8,0,0,0,0,0,8,29,,,"Abschlag"
"LA56",2011,304,30372,7,1,9,21,14,0,0,11,3,0,0,0,0,14,16,,,"Abschlag"
"LA56",2011,"Sch.Pl.",30412,5,1,9,21,1,0,0,1,0,0,0,0,0,1,4,,,"Abschlag"
"LA56",2011,"Sch.Pl.",30412,6,1,9,21,4,0,0,4,0,0,0,0,0,4,4,,,"Abschlag"
"LA56",2011,"Sch.Pl.",30412,7,1,9,21,12,0,0,10,2,0,0,0,0,12,6,,,"Abschlag"
"LA56",2011,"PlaPu",30414,5,1,9,21,2,0,0,2,0,0,0,0,0,2,6,,,"Abschlag"
"LA56",2011,"Pla. Pu.",30414,6,1,9,21,1,0,0,1,0,0,0,0,0,1,1,,,"Abschlag"
"LA56",2011,"ProPu",30416,3,1,9,21,1,0,0,1,0,0,0,0,0,1,136,,,"Abschlag"
"LA56",2011,"ProPu",30416,4,1,9,21,3,0,0,0,2,1,0,0,0,3,44,,,"Abschlag"
"LA56",2011,"ProPu",30416,5,1,9,21,1,0,0,1,0,0,0,0,0,1,17,,,"Abschlag"
"LA56",2011,"ProPu",30416,6,1,9,21,11,0,0,6,4,1,0,0,0,11,20,,,"Abschlag"
"LA56",2011,"ProPu",30416,7,1,9,21,18,0,0,13,2,3,0,0,0,18,10,,,"Abschlag"
"LA56",2011,308,30420,4,1,9,21,2,0,0,1,1,0,0,0,0,2,16,,,"Abschlag"
"LA56",2011,308,30420,5,1,9,21,19,0,0,15,4,0,0,0,0,19,56,,,"Abschlag"
"LA56",2011,308,30420,6,1,9,21,12,0,0,9,2,1,0,0,0,12,26,,,"Abschlag"
"LA56",2011,308,30420,7,1,9,21,13,0,0,7,5,1,0,0,0,13,7,,,"Abschlag"
"LA56",2011,301,30426,3,1,9,21,1,0,0,0,0,1,0,0,0,1,91,,,"Abschlag"
"LA56",2011,301,30426,5,1,9,21,8,0,0,2,1,5,0,0,0,8,64,,,"Abschlag"
"LA56",2011,301,30426,6,1,9,21,21,0,0,17,2,2,0,0,0,21,31,,,"Abschlag"
"LA56",2011,301,30426,7,1,9,21,56,0,0,54,1,1,0,0,0,56,31,,,"Abschlag"
"LA56",2011,311,30465,6,1,9,21,4,0,0,4,0,0,0,0,0,4,9,,,"Abschlag"
"LA56",2011,311,30465,7,1,9,21,2,0,0,1,1,0,0,0,0,2,1,,,"Abschlag"
"LA56",2011,310,30478,5,1,9,21,1,0,0,1,0,0,0,0,0,1,7,,,"Abschlag"
"LA56",2011,310,30478,6,1,9,21,4,0,0,4,0,0,0,0,0,4,16,,,"Abschlag"
"LA56",2011,310,30478,7,1,9,21,14,0,0,12,2,0,0,0,0,14,6,,,"Abschlag"
"LA56",2011,308,30481,3,1,9,21,1,0,0,0,0,1,0,0,0,1,73,,,"Abschlag"
"LA56",2011,308,30481,5,1,9,21,2,0,0,2,0,0,0,0,0,2,8,,,"Abschlag"
"LA56",2011,308,30481,6,1,9,21,3,0,0,2,1,0,0,0,0,3,3,,,"Abschlag"
"LA56",2011,308,30481,7,1,9,21,2,0,0,1,1,0,0,0,0,2,1,,,"Abschlag"
"LA56",2011,304,30486,3,1,9,21,5,0,0,1,0,4,0,0,0,5,302,,,"Abschlag"
"LA56",2011,304,30486,4,1,9,21,1,0,0,0,0,1,0,0,0,1,28,,,"Abschlag"
"LA56",2011,304,30486,5,1,9,21,9,0,0,3,4,2,0,0,0,9,53,,,"Abschlag"
"LA56",2011,304,30486,6,1,9,21,37,0,0,31,4,2,0,0,0,37,64,,,"Abschlag"
"LA56",2011,304,30486,7,1,9,21,25,0,0,16,4,5,0,0,0,25,15,,,"Abschlag"
"LA56",2011,309,30488,4,1,9,21,1,0,0,0,1,0,0,0,0,1,15,,,"Abschlag"
"LA56",2011,309,30488,5,1,9,21,2,0,0,1,1,0,0,0,0,2,8,,,"Abschlag"
"LA56",2011,309,30488,6,1,9,21,7,0,0,5,1,1,0,0,0,7,15,,,"Abschlag"
"LA56",2011,309,30488,7,1,9,21,19,0,0,17,1,1,0,0,0,19,7,,,"Abschlag"
"LA56",2011,301,30493,4,1,9,21,2,0,0,1,1,0,0,0,0,2,38,,,"Abschlag"
"LA56",2011,301,30493,5,1,9,21,3,0,0,0,1,2,0,0,0,3,22,,,"Abschlag"
"LA56",2011,301,30493,6,1,9,21,2,0,0,2,0,0,0,0,0,2,2,,,"Abschlag"
"LA56",2011,301,30493,7,1,9,21,16,0,0,10,4,2,0,0,0,16,29,,,"Abschlag"
"LA56",2011,"SchPl",30497,5,1,9,21,1,0,0,1,0,0,0,0,0,1,7,,,"Abschlag"
"LA56",2011,"SchPl",30497,6,1,9,21,8,0,0,7,1,0,0,0,0,8,21,,,"Abschlag"
"LA56",2011,"SchPl",30497,7,1,9,21,7,0,0,7,0,0,0,0,0,7,7,,,"Abschlag"
"LA56",2011,302,30500,4,1,9,21,1,0,0,1,0,0,0,0,0,1,15,,,"Abschlag"
"LA56",2011,302,30500,5,1,9,21,4,0,0,3,1,0,0,0,0,4,37,,,"Abschlag"
"LA56",2011,302,30500,6,1,9,21,6,0,0,4,0,2,0,0,0,6,15,,,"Abschlag"
"LA56",2011,302,30500,7,1,9,21,16,0,0,13,2,1,0,0,0,16,7,,,"Abschlag"
"LA56",2011,"Pla.Pu.",30600,4,1,9,21,2,0,0,2,0,0,0,0,0,2,51,,,"Abschlag"
"LA56",2011,"Pla.Pu.",30600,5,1,9,21,8,0,0,6,2,0,0,0,0,8,64,,,"Abschlag"
"LA56",2011,"Pla.Pu.",30600,6,1,9,21,34,0,0,16,13,5,0,0,0,34,65,,,"Abschlag"
"LA56",2011,"Pla.Pu.",30600,7,1,9,21,56,0,0,40,12,4,0,0,0,56,42,,,"Abschlag"
"LA56",2011,301,30605,4,1,9,21,1,0,0,0,1,0,0,0,0,1,13,,,"Abschlag"
"LA56",2011,301,30605,5,1,9,21,2,0,0,1,1,0,0,0,0,2,18,,,"Abschlag"
"LA56",2011,301,30605,6,1,9,21,11,0,0,8,3,0,0,0,0,11,26,,,"Abschlag"
"LA56",2011,301,30605,7,1,9,21,27,0,0,21,5,1,0,0,0,27,21,,,"Abschlag"
"LA56",2011,304,30609,5,1,9,21,6,0,0,3,0,3,0,0,0,6,49,,,"Abschlag"
"LA56",2011,304,30609,5,1,9,21,4,0,0,3,1,0,0,0,0,4,22,,,"Abschlag"
"LA56",2011,304,30609,6,1,9,21,8,0,0,7,0,1,0,0,0,8,15,,,"Abschlag"
"LA56",2011,304,30609,7,1,9,21,8,0,0,6,2,0,0,0,0,8,5,,,"Abschlag"
"LA56",2011,304,30609,7,1,9,21,7,0,0,7,0,0,0,0,0,7,3,,,"Abschlag"
"LA56",2011,309,30611,3,1,9,21,1,0,0,1,0,0,0,0,0,1,55,,,"Abschlag"
"LA56",2011,309,30611,4,1,9,21,1,0,0,1,0,0,0,0,0,1,15,,,"Abschlag"
"LA56",2011,309,30611,5,1,9,21,1,0,0,1,0,0,0,0,0,1,8.2,,,"Abschlag"
"LA56",2011,309,30611,5,1,9,21,5,0,0,5,0,0,0,0,0,5,31,,,"Abschlag"
"LA56",2011,309,30611,6,1,9,21,3,0,0,3,0,0,0,0,0,3,6,,,"Abschlag"
"LA56",2011,309,30611,6,1,9,21,6,0,0,6,0,0,0,0,0,6,14,,,"Abschlag"
"LA56",2011,309,30611,7,1,9,21,13,0,0,11,2,0,0,0,0,13,9.3,,,"Abschlag"
"LA56",2011,309,30611,7,1,9,21,7,0,0,5,1,1,0,0,0,7,5,,,"Abschlag"
"LA56",2011,302,30613,4,1,9,21,1,0,0,0,1,0,0,0,0,1,24,,,"Abschlag"
"LA56",2011,302,30613,5,1,9,21,3,0,0,3,0,0,0,0,0,3,9,,,"Abschlag"
"LA56",2011,302,30613,6,1,9,21,9,0,0,7,1,1,0,0,0,9,13,,,"Abschlag"
"LA56",2011,302,30613,7,1,9,21,10,0,0,8,2,0,0,0,0,10,7,,,"Abschlag"
"LA56",2011,"ProPu",30667,5,1,9,21,5,0,0,3,2,0,0,0,0,5,28,,,"Abschlag"
"LA56",2011,"ProPu",30667,6,1,9,21,1,0,0,0,0,1,0,0,0,1,3,,,"Abschlag"
"LA56",2011,"ProPu",30667,6,1,9,21,4,0,0,3,1,0,0,0,0,4,8,,,"Abschlag"
"LA56",2011,"ProPu",30667,7,1,9,21,3,0,0,2,1,0,0,0,0,3,3,,,"Abschlag"
"LA56",2011,"ProPu",30667,7,1,9,21,22,0,0,13,5,4,0,0,0,22,17,,,"Abschlag"
"LA56",2011,"ProPu N.",30687,6,1,9,21,1,0,0,1,0,0,0,0,0,1,2,,,"Abschlag"
"LA56",2011,"ProPu N.",30687,7,1,9,21,9,0,0,4,3,2,0,0,0,9,6,,,"Abschlag"
"LA56",2011,"ProPuW",30694,5,1,9,21,3,0,0,3,0,0,0,0,0,3,16,,,"Abschlag"
"LA56",2011,"ProPuW",30694,6,1,9,21,7,0,0,5,1,1,0,0,0,7,20,,,"Abschlag"
"LA56",2011,"ProPuW",30694,7,1,9,21,2,0,0,2,0,0,0,0,0,2,3,,,"Abschlag"
"LA56",2011,304,30699,4,1,9,21,2,0,0,1,1,0,0,0,0,2,62,,,"Abschlag"
"LA56",2011,304,30699,6,1,9,21,14,0,0,6,6,2,0,0,0,14,31,,,"Abschlag"
"LA56",2011,310,30739,7,1,9,21,1,0,0,1,0,0,0,0,0,1,1.2,,,"Abschlag"
"LA56",2011,301,40034,6,1,9,21,26,0,0,11,9,6,0,0,0,26,50,,,"Abschlag"
"LA56",2011,,40036,4,1,9,21,13,0,0,8,5,0,0,0,0,13,270,,,"Abschlag"
"LA56",2011,,40036,5,1,9,21,52,0,0,34,13,0,5,0,0,52,325,,,"Abschlag"
"LA56",2011,,40036,6,1,9,21,56,0,0,37,12,7,0,0,0,56,112,,,"Abschlag"
"LA56",2011,,40036,7,1,9,21,42,0,0,26,11,1,4,0,0,42,31,,,"Abschlag"
"LA56",2011,"401/H2",40052,4,1,9,21,1,0,0,0,0,0,1,0,0,1,20,,,"Abschlag"
"LA56",2011,"401/H2",40052,5,1,9,21,3,0,0,2,1,0,0,0,0,3,1,,9,"Abschlag"
"LA56",2011,"401/H2",40052,6,1,9,21,2,0,0,2,0,0,0,0,0,2,5,,,"Abschlag"
"LA56",2011,"401/H2",40052,7,1,9,21,6,0,0,5,1,0,0,0,0,6,3,,,"Abschlag"
"LA56",2011,"401/H2",40069,3,1,9,21,1,0,0,1,0,0,0,0,0,1,150,,,"Abschlag"
"LA56",2011,"401 H2",40069,4,1,9,21,11,0,0,4,3,4,0,0,0,11,221,,,"Abschlag"
"LA56",2011,"401/H2",40069,5,1,9,21,32,0,0,22,5,5,0,0,0,32,214,,,"Abschlag"
"LA56",2011,"402/H2",40069,6,1,9,21,35,0,0,26,9,0,0,0,0,35,70,,,"Abschlag"
"LA56",2011,"401/H2",40069,7,1,9,21,8,0,0,6,1,1,0,0,0,8,10,,,"Abschlag"
"LA56",2011,"H3",40073,7,1,9,21,165,0,0,101,46,9,9,0,0,165,119,,,"Abschlag"
"LA56",2011,"H3",40074,2,1,9,21,1,0,0,0,1,0,0,0,0,1,233,,,"Abschlag"
"LA56",2011,"H3",40074,2,1,9,21,2,0,0,1,1,0,0,0,0,2,130,,,"Abschlag"
"LA56",2011,"H3",40074,3,1,9,21,2,0,0,2,0,0,0,0,0,2,105,,,"Abschlag"
"LA56",2011,"H3",40074,3,1,9,21,5,0,0,2,3,0,0,0,0,5,266,,,"Abschlag"
"LA56",2011,"H3",40074,3,1,9,21,13,0,0,8,5,0,0,0,0,13,796,,,"Abschlag"
"LA56",2011,"H3",40074,4,1,9,21,27,0,0,11,16,0,0,0,0,27,578,,,"Abschlag"
"LA56",2011,"H3",40074,4,1,9,21,81,0,0,60,18,3,0,0,0,81,1389,,,"Abschlag"
"LA56",2011,"H3",40074,5,1,9,21,340,0,0,272,43,15,10,0,0,340,1946,,,"Abschlag"
"LA56",2011,"H3",40074,6,1,9,21,60,0,0,48,11,1,0,0,0,60,119,,,"Abschlag"
"LA56",2011,"H2",40082,3,1,9,21,1,0,0,0,1,0,0,0,0,1,28,,,"Abschlag"
"LA56",2011,"H2",40082,4,1,9,21,7,0,0,3,4,0,0,0,0,7,124,,,"Abschlag"
"LA56",2011,"H2",40082,5,1,9,21,14,0,0,8,3,1,2,0,0,14,83,,,"Abschlag"
"LA56",2011,"H2",40082,6,1,9,21,23,0,0,13,5,5,0,0,0,23,48,,,"Abschlag"
"LA56",2011,"H2",40082,7,1,9,21,54,0,0,42,7,5,0,0,0,54,38,,,"Abschlag"
"LA56",2011,"402/H3",40242,4,1,9,21,1,0,0,1,0,0,0,0,0,1,9,,,"Abschlag"
"LA56",2011,"402/H3",40242,5,1,9,21,1,0,0,0,0,1,0,0,0,1,2,,,"Abschlag"
"LA56",2011,"402/H3",40242,6,1,9,21,3,0,0,2,0,1,0,0,0,3,5,,,"Abschlag"
"LA56",2011,"402/H3",40242,7,1,9,21,1,0,0,1,0,0,0,0,0,1,1,,,"Abschlag"
"LA56",2011,"ProPu",40322,6,1,9,21,2,0,0,2,0,0,0,0,0,2,3,,,"Abschlag"
"LA56",2011,"H3",40325,3,1,9,21,3,0,0,3,0,0,0,0,0,3,182,,,"Abschlag"
"LA56",2011,403,40325,4,1,9,21,6,0,0,1,4,1,0,0,0,6,105,,,"Abschlag"
"LA56",2011,"H3",40325,5,1,9,21,22,0,0,12,10,0,0,0,0,22,101,,,"Abschlag"
"LA56",2011,"H3",40325,6,1,9,21,30,0,0,15,11,4,0,0,0,30,47,,,"Abschlag"
"LA56",2011,"H3",40325,7,1,9,21,11,0,0,8,2,1,0,0,0,11,7,,,"Abschlag"
"LA56",2011,"H3",40327,4,1,9,21,1,0,0,0,1,0,0,0,0,1,7,,,"Abschlag"
"LA56",2011,"H3",40328,4,1,9,21,73,0,0,44,23,5,1,0,0,73,1510,,,"Abschlag"
"LA56",2011,"H3",40328,5,1,9,21,121,0,0,78,32,11,0,0,0,121,670,,,"Abschlag"
"LA56",2011,"H3",40328,6,1,9,21,199,0,0,125,48,26,0,0,0,199,326,,,"Abschlag"
"LA56",2011,"H3",40328,7,1,9,21,186,0,0,159,24,3,0,0,0,186,123,,,"Abschlag"
"LA56",2011,"H3",40352,4,1,9,21,9,0,0,6,3,0,0,0,0,9,202,,,"Abschlag"
"LA56",2011,"H2",40433,3,1,9,21,23,0,0,9,12,2,0,0,0,23,1010,,,"Abschlag"
"LA56",2011,"H2",40433,4,1,9,21,131,0,0,86,36,9,0,0,0,131,2201,,,"Abschlag"
"LA56",2011,"H2",40433,5,1,9,21,265,0,0,177,67,20,1,0,0,265,1381,,,"Abschlag"
"LA56",2011,"H2",40433,6,1,9,21,393,0,0,313,62,18,0,0,0,393,874,,,"Abschlag"
"LA56",2011,"H2",40433,7,1,9,21,273,0,0,224,38,11,0,0,0,273,178,,,"Abschlag"
"LA56",2011,"ProPu",40454,4,1,9,21,1,0,0,0,1,0,0,0,0,1,13,,,"Abschlag"
"LA56",2011,"ProPu",40454,4,1,9,21,1,0,0,0,1,0,0,0,0,1,14,,,"Abschlag"
"LA56",2011,"ProPu",40454,5,1,9,21,3,0,0,2,1,0,0,0,0,3,9,,,"Abschlag"
"LA56",2011,"ProPu",40454,6,1,9,21,3,0,0,3,0,0,0,0,0,3,8,,,"Abschlag"
"LA56",2011,"ProPu",40454,6,1,9,21,3,0,0,3,0,0,0,0,0,3,9,,,"Abschlag"
"LA56",2011,401,40471,2,1,9,21,3,0,0,2,1,0,0,0,0,3,169,,,"Abschlag"
"LA56",2011,401,40471,3,1,9,21,18,0,0,6,5,6,1,0,0,18,579,,,"Abschlag"
"LA56",2011,401,40471,4,1,9,21,74,0,0,47,21,5,1,0,0,74,1336,,,"Abschlag"
"LA56",2011,401,40471,5,1,9,21,77,0,0,54,16,7,0,0,0,77,331,,,"Abschlag"
"LA56",2011,401,40471,6,1,9,21,133,0,0,107,23,3,0,0,0,133,222,,,"Abschlag"
"LA56",2011,401,40471,7,1,9,21,74,0,0,62,11,1,0,0,0,74,49.4,,,"Abschlag"
"LA56",2011,"PlaPu",40530,3,1,9,21,1,0,0,1,0,0,0,0,0,1,16,,,"Abschlag"
"LA56",2011,"PlaPu",40530,4,1,9,21,6,0,0,6,0,0,0,0,0,6,134,,,"Abschlag"
"LA56",2011,"Pla.Pu.",40530,5,1,9,21,18,0,0,14,4,0,0,0,0,18,58,,,"Abschlag"
"LA56",2011,"Pla.Pu.",40530,6,1,9,21,37,0,0,29,6,2,0,0,0,37,66,,,"Abschlag"
"LA56",2011,"Pla.Pu.",40530,7,1,9,21,29,0,0,20,4,5,0,0,0,29,22,,,"Abschlag"
"LA56",2011,403,40565,2,1,9,21,2,0,0,2,0,0,0,0,0,2,103,,,"Abschlag"
"LA56",2011,403,40565,3,1,9,21,5,0,0,1,4,0,0,0,0,5,204,,,"Abschlag"
"LA56",2011,403,40565,4,1,9,21,23,0,0,12,10,1,0,0,0,23,286,,,"Abschlag"
"LA56",2011,403,40565,5,1,9,21,97,0,0,49,43,3,2,0,0,97,490,,,"Abschlag"
"LA56",2011,403,40565,6,1,9,21,80,0,0,59,19,2,0,0,0,80,128,,,"Abschlag"
"LA56",2011,403,40565,7,1,9,21,51,0,0,39,9,3,0,0,0,51,26,,,"Abschlag"
"LA56",2011,404,40576,4,1,9,21,8,0,0,1,4,3,0,0,0,8,167,,,"Abschlag"
"LA56",2011,404,40576,5,1,9,21,28,0,0,18,10,0,0,0,0,28,150,,,"Abschlag"
"LA56",2011,404,40576,6,1,9,21,24,0,0,19,4,1,0,0,0,24,43,,,"Abschlag"
"LA56",2011,404,40576,7,1,9,21,8,0,0,7,0,1,0,0,0,8,5,,,"Abschlag"
"LA56",2011,"H2",40619,3,1,9,21,2,0,0,0,2,0,0,0,0,2,59,,,"Abschlag"
"LA56",2011,"H2",40619,4,1,9,21,1,0,0,1,0,0,0,0,0,1,8,,,"Abschlag"
"LA56",2011,"H2",40619,4,1,9,21,2,0,0,1,1,0,0,0,0,2,2,,,"Abschlag"
"LA56",2011,"H2",40619,4,1,9,21,10,0,0,3,7,0,0,0,0,10,195,,,"Abschlag"
"LA56",2011,"H2",40619,4,1,9,21,2,0,0,0,2,0,0,0,0,2,20,,,"Abschlag"
"LA56",2011,"H2",40619,5,1,9,21,3,0,0,2,1,0,0,0,0,3,6,,,"Abschlag"
"LA56",2011,"H2",40619,5,1,9,21,9,0,0,2,6,1,0,0,0,9,32,,,"Abschlag"
"LA56",2011,"H2",40619,5,1,9,21,39,0,0,16,19,4,0,0,0,39,209,,,"Abschlag"
"LA56",2011,"H2",40619,5,1,9,21,14,0,0,6,5,3,0,0,0,14,70,,,"Abschlag"
"LA56",2011,"H2",40619,6,1,9,21,2,0,0,2,0,0,0,0,0,2,3.9,,,"Abschlag"
"LA56",2011,"H2",40619,6,1,9,21,26,0,0,13,10,3,0,0,0,26,35,,,"Abschlag"
"LA56",2011,"H2",40619,6,1,9,21,64,0,0,45,17,2,0,0,0,64,109,,,"Abschlag"
"LA56",2011,"H2",40619,6,1,9,21,9,0,0,6,3,0,0,0,0,9,13,,,"Abschlag"
"LA56",2011,"H2",40619,7,1,9,21,1,0,0,1,0,0,0,0,0,1,0.8,,,"Abschlag"
"LA56",2011,"H2",40619,7,1,9,21,2,0,0,2,0,0,0,0,0,2,1,,,"Abschlag"
"LA56",2011,"H2",40619,7,1,9,21,16,0,0,13,3,0,0,0,0,16,13,,,"Abschlag"
"LA56",2011,"H2",40619,7,1,9,21,18,0,0,13,5,0,0,0,0,18,11,,,"Abschlag"
"LA56",2011,404,40676,3,1,9,21,1,0,0,1,0,0,0,0,0,1,41,,,"Abschlag"
"LA56",2011,404,40676,3,1,9,21,1,0,0,0,1,0,0,0,0,1,26,,,"Abschlag"
"LA56",2011,404,40676,4,1,9,21,14,0,0,7,5,2,0,0,0,14,224,,,"Abschlag"
"LA56",2011,404,40676,5,1,9,21,26,0,0,15,6,5,0,0,0,26,128,,,"Abschlag"
"LA56",2011,404,40676,5,1,9,21,9,0,0,1,7,1,0,0,0,9,37,,,"Abschlag"
"LA56",2011,404,40676,6,1,9,21,23,0,0,8,14,1,0,0,0,23,36,,,"Abschlag"
"LA56",2011,404,40676,6,1,9,21,9,0,0,7,1,1,0,0,0,9,15,,,"Abschlag"
"LA56",2011,404,40676,6,1,9,21,7,0,0,6,1,0,0,0,0,7,14,,,"Abschlag"
"LA56",2011,404,40676,7,1,9,21,3,0,0,3,0,0,0,0,0,3,1.5,,,"Abschlag"
"LA56",2011,404,40676,7,1,9,21,5,0,0,5,0,0,0,0,0,5,2.2,,,"Abschlag"
"LA56",2011,404,40676,7,1,9,21,15,0,0,10,5,0,0,0,0,15,11,,,"Abschlag"
"LA56",2011,401,40692,3,1,9,21,1,0,0,0,1,0,0,0,0,1,71.6,,,"Abschlag"
"LA56",2011,401,40692,5,1,9,21,1,0,0,1,0,0,0,0,0,1,5.6,,,"Abschlag"
"LA56",2011,401,40692,6,1,9,21,1,0,0,1,0,0,0,0,0,1,1.2,,,"Abschlag"
"LA56",2011,401,40692,6,1,9,21,1,0,0,1,0,0,0,0,0,1,1,,,"Abschlag"
"LA56",2011,401,40692,7,1,9,21,1,0,0,1,0,0,0,0,0,1,0.9,,,"Abschlag"
"LA56",2011,"H3",40694,4,1,9,21,7,0,0,5,1,1,0,0,0,7,136,,,"Abschlag"
"LA56",2011,"H3",40697,2,1,9,21,2,0,0,0,2,0,0,0,0,2,27,,,"Abschlag"
"LA56",2011,"H3",40697,3,1,9,21,3,0,0,2,1,0,0,0,0,3,168,,,"Abschlag"
"LA56",2011,"H3",40697,3,1,9,21,1,0,0,1,0,0,0,0,0,1,27,,,"Abschlag"
"LA56",2011,"H3",40697,4,1,9,21,5,0,0,5,0,0,0,0,0,5,71,,,"Abschlag"
"LA56",2011,"H3",40697,4,1,9,21,10,0,0,7,2,1,0,0,0,10,112,,,"Abschlag"
"LA56",2011,"H3",40697,4,1,9,21,11,0,0,4,5,2,0,0,0,11,140,,,"Abschlag"
"LA56",2011,"H3",40697,5,1,9,21,5,0,0,4,1,0,0,0,0,5,31,,,"Abschlag"
"LA56",2011,"H3",40697,5,1,9,21,22,0,0,12,9,1,0,0,0,22,102,,,"Abschlag"
"LA56",2011,"H3",40697,5,1,9,21,22,0,0,16,5,1,0,0,0,22,150,,,"Abschlag"
"LA56",2011,"H3",40697,5,1,9,21,3,0,0,3,0,0,0,0,0,3,26,,,"Abschlag"
"LA56",2011,"H3",40697,6,1,9,21,1,0,0,0,1,0,0,0,0,1,1.5,,,"Abschlag"
"LA56",2011,"H3",40697,6,1,9,21,31,0,0,18,10,3,0,0,0,31,56,,,"Abschlag"
"LA56",2011,"H3",40697,6,1,9,21,37,0,0,29,7,1,0,0,0,37,29,,,"Abschlag"
"LA56",2011,"H3",40697,6,1,9,21,1,0,0,1,0,0,0,0,0,1,1.2,,,"Abschlag"
"LA56",2011,"H3",40697,6,1,9,21,7,0,0,6,1,0,0,0,0,7,15,,,"Abschlag"
"LA56",2011,"H3",40697,7,1,9,21,1,0,0,1,0,0,0,0,0,1,0.6,,,"Abschlag"
"LA56",2011,"H3",40697,7,1,9,21,3,0,0,3,0,0,0,0,0,3,2,,,"Abschlag"
"LA56",2011,"H3",40697,7,1,9,21,9,0,0,9,0,0,0,0,0,9,7.4,,,"Abschlag"
"LA56",2011,"H3",40697,7,1,9,21,13,0,0,7,5,1,0,0,0,13,9,,,"Abschlag"
"LA56",2011,"H3",40697,7,1,9,21,10,0,0,8,2,0,0,0,0,10,7,,,"Abschlag"
"LA56",2011,"H2",40704,4,1,9,21,1,0,0,1,0,0,0,0,0,1,7,,,"Abschlag"
"LA56",2011,"H2",40704,5,1,9,21,5,0,0,2,3,0,0,0,0,5,33,,,"Abschlag"
"LA56",2011,"H2",40704,6,1,9,21,5,0,0,3,2,0,0,0,0,5,8,,,"Abschlag"
"LA56",2011,"H2",40704,6,1,9,21,1,0,0,1,0,0,0,0,0,1,2,,,"Abschlag"
"LA56",2011,"H2",40704,7,1,9,21,7,0,0,3,4,0,0,0,0,7,5,,,"Abschlag"
"LA56",2011,405,40957,3,1,9,21,1,0,0,0,1,0,0,0,0,1,145,,,"Abschlag"
"LA56",2011,405,40957,4,1,9,21,7,0,0,5,1,1,0,0,0,7,130,,,"Abschlag"
"LA56",2011,405,40957,4,1,9,21,5,0,0,3,2,0,0,0,0,5,67,,,"Abschlag"
"LA56",2011,405,40957,5,1,9,21,3,0,0,1,1,1,0,0,0,3,29,,,"Abschlag"
"LA56",2011,405,40957,5,1,9,21,10,0,0,4,5,1,0,0,0,10,74,,,"Abschlag"
"LA56",2011,405,40957,5,1,9,21,1,0,0,0,1,0,0,0,0,1,7,,,"Abschlag"
"LA56",2011,405,40957,6,1,9,21,5,0,0,4,1,0,0,0,0,5,7.9,,,"Abschlag"
"LA56",2011,405,40957,6,1,9,21,19,0,0,13,6,0,0,0,0,19,42,,,"Abschlag"
"LA56",2011,405,40957,6,1,9,21,1,0,0,1,0,0,0,0,0,1,1.5,,,"Abschlag"
"LA56",2011,405,40957,7,1,9,21,11,0,0,11,0,0,0,0,0,11,8.3,,,"Abschlag"
"LA56",2011,405,40957,7,1,9,21,15,0,0,11,3,1,0,0,0,15,10.2,,,"Abschlag"
"LA56",2011,"H3",40967,6,1,9,21,4,0,0,3,0,1,0,0,0,4,11,,,"Abschlag"
"LA56",2011,"PlaPu",40985,4,1,9,21,1,0,0,1,0,0,0,0,0,1,10.2,,,"Abschlag"
"LA56",2011,"PlaPu",40985,5,1,9,21,7,0,0,3,3,1,0,0,0,7,24.2,,,"Abschlag"
"LA56",2011,"PlaPu",40985,6,1,9,21,15,0,0,12,2,1,0,0,0,15,24.6,,,"Abschlag"
"LA56",2011,"PlaPu",40985,7,1,9,21,13,0,0,8,4,1,0,0,0,13,7.3,,,"Abschlag"
"LA56",2011,408,40998,4,1,9,21,2,0,0,2,0,0,0,0,0,2,27,,,"Abschlag"
"LA56",2011,408,40998,5,1,9,21,4,0,0,4,0,0,0,0,0,4,35.8,,,"Abschlag"
"LA56",2011,408,40998,6,1,9,21,1,0,0,0,0,1,0,0,0,1,0.3,,,"Abschlag"
"LA56",2011,408,40998,7,1,9,21,2,0,0,1,1,0,0,0,0,2,2.3,,,"Abschlag"
"LA56",2011,"H3",41034,3,1,9,21,1,0,0,1,0,0,0,0,0,1,24.7,,,"Abschlag"
"LA56",2011,"H3",41034,4,1,9,21,2,0,0,0,1,1,0,0,0,2,49.4,,,"Abschlag"
"LA56",2011,"H3",41034,4,1,9,21,3,0,0,2,1,0,0,0,0,3,39.3,,,"Abschlag"
"LA56",2011,"H3",41034,5,1,9,21,8,0,0,4,4,0,0,0,0,8,43.4,,,"Abschlag"
"LA56",2011,"H3",41034,5,1,9,21,5,0,0,3,2,0,0,0,0,5,18,,,"Abschlag"
"LA56",2011,"H3",41034,6,1,9,21,7,0,0,4,2,1,0,0,0,7,8,,,"Abschlag"
"LA56",2011,"H3",41034,6,1,9,21,6,0,0,4,2,0,0,0,0,6,9.1,,,"Abschlag"
"LA56",2011,"H3",41034,7,1,9,21,3,0,0,3,0,0,0,0,0,3,1.4,,,"Abschlag"
"LA56",2011,"H3",41034,7,1,9,21,4,0,0,4,0,0,0,0,0,4,4.2,,,"Abschlag"
"LA56",2011,407,41053,2,1,9,21,1,0,0,0,1,0,0,0,0,1,76,,,"Abschlag"
"LA56",2011,407,41053,3,1,9,21,3,0,0,0,1,2,0,0,0,3,237,,,"Abschlag"
"LA56",2011,407,41053,4,1,9,21,20,0,0,13,6,1,0,0,0,20,364,,,"Abschlag"
"LA56",2011,407,41053,5,1,9,21,29,0,0,20,6,3,0,0,0,29,173,,,"Abschlag"
"LA56",2011,407,41053,5,1,"09da",21,1,0,0,1,0,0,0,0,0,1,4,,,"Abschlag"
"LA56",2011,407,41053,6,1,9,21,60,0,0,43,12,5,0,0,0,60,136,,,"Abschlag"
"LA56",2011,407,41053,6,1,"09da",21,1,0,0,1,0,0,0,0,0,1,1.4,,,"Abschlag"
"LA56",2011,407,41053,7,1,9,21,44,0,0,32,5,7,0,0,0,44,28.5,,,"Abschlag"
"LA56",2011,407,41053,7,1,"09da",21,1,0,0,1,0,0,0,0,0,1,0.6,,,"Abschlag"
"LA56",2011,404,41060,3,1,9,21,5,0,0,2,3,0,0,0,0,5,232,,,"Abschlag"
"LA56",2011,404,41060,4,1,9,21,25,0,0,11,10,4,0,0,0,25,490,,,"Abschlag"
"LA56",2011,404,41060,5,1,9,21,80,0,0,42,35,3,0,0,0,80,406,,,"Abschlag"
"LA56",2011,404,41060,6,1,9,21,106,0,0,85,17,4,0,0,0,106,147,,,"Abschlag"
"LA56",2011,404,41060,7,1,9,21,38,0,0,28,7,3,0,0,0,38,18,,,"Abschlag"
"LA56",2011,404,41060,7,1,"09da",21,2,0,0,2,0,0,0,0,0,2,1,,,"Abschlag"
"LA56",2011,406,41065,4,1,9,21,2,0,0,2,0,0,0,0,0,2,22.4,,,"Abschlag"
"LA56",2011,406,41065,5,1,9,21,19,0,0,14,3,2,0,0,0,19,75.3,,,"Abschlag"
"LA56",2011,406,41065,6,1,9,21,20,0,0,12,5,3,0,0,0,20,27.1,,,"Abschlag"
"LA56",2011,406,41065,7,1,9,21,15,0,0,13,1,1,0,0,0,15,8.8,,,"Abschlag"
"LA56",2011,"PrP NW",41073,4,1,9,21,4,0,0,1,1,2,0,0,0,4,96,,,"Abschlag"
"LA56",2011,"PrP NW",41073,4,1,"09da",21,1,0,0,1,0,0,0,0,0,1,27,,,"Abschlag"
"LA56",2011,"PrP NW",41073,5,1,9,21,5,0,0,4,1,0,0,0,0,5,32.8,,,"Abschlag"
"LA56",2011,"PrP NW",41073,6,1,9,21,3,0,0,3,0,0,0,0,0,3,7.3,,,"Abschlag"
"LA56",2011,"PrP NW",41073,7,1,9,21,1,0,0,1,0,0,0,0,0,1,0.3,,,"Abschlag"
"LA56",2011,404,41122,5,1,9,21,1,0,0,0,1,0,0,0,0,1,6.8,,,"Abschlag"
"LA56",2011,407,41124,6,1,9,21,2,0,0,1,0,1,0,0,0,2,3.9,,,"Abschlag"
